-1,0,1,2,3,4,5,6,7,8,>8,-1,0,1,2,3,4,5,6,7,8,>8,-1,0,1,2,3,4,5,6,7,8,>8,-1,0,1,2,3,4,5,6,7,8,>8
coin,coin,coin,coin,coin,coin,coin,coin,coin,coin,coin,crate,crate,crate,crate,crate,crate,crate,crate,crate,crate,crate,free,free,free,free,free,free,free,free,free,free,free,other,other,other,other,other,other,other,other,other,other,other
0,0,0,0,0,0,0,0,0,0,304,0,0,0,280,0,0,0,0,0,0,24,0,280,0,0,0,0,0,0,0,0,24,0,0,0,0,0,0,0,0,0,0,304
0,0,0,0,0,0,0,0,0,0,1008,0,0,0,552,400,0,0,0,0,0,56,0,952,0,24,0,0,0,0,0,0,32,0,0,0,0,0,0,0,0,0,0,1008
0,0,0,0,0,0,0,0,0,0,1560,0,0,472,624,400,0,0,0,0,0,64,0,1472,0,56,0,0,0,0,0,0,32,0,0,0,0,0,0,0,0,0,0,1560
0,0,0,0,0,0,0,0,0,0,2712,0,0,1456,792,400,0,0,0,0,0,64,0,2592,0,88,0,0,0,0,0,0,32,0,0,0,0,0,0,0,0,0,0,2712
0,0,0,0,0,0,0,0,0,0,3000,0,0,1688,848,400,0,0,0,0,0,64,0,2848,0,120,0,0,0,0,0,0,32,0,0,0,0,0,0,0,0,0,0,3000
0,0,0,0,0,0,0,0,0,0,3264,0,0,1872,920,408,0,0,0,0,0,64,0,3080,8,144,0,0,0,0,0,0,32,0,0,0,0,0,0,0,0,0,0,3264
0,0,0,0,0,0,0,0,0,0,3944,0,0,1928,1536,416,0,0,0,0,0,64,0,3728,16,144,24,0,0,0,0,0,32,0,0,0,0,0,0,0,0,0,0,3944
0,0,0,0,0,0,0,0,0,0,4576,0,0,2472,1624,416,0,0,0,0,0,64,0,4328,24,160,32,0,0,0,0,0,32,0,0,0,0,0,0,0,0,0,0,4576
0,0,0,0,0,0,0,0,0,0,5544,0,0,3080,1984,416,0,0,0,0,0,64,0,5264,32,184,32,0,0,0,0,0,32,0,0,0,0,0,0,0,0,0,0,5544
0,0,0,0,0,0,0,0,0,0,6408,0,0,3272,2656,416,0,0,0,0,0,64,0,6096,32,216,32,0,0,0,0,0,32,0,0,0,0,0,0,0,0,0,0,6408
0,0,0,0,0,0,0,0,0,0,6624,0,0,3280,2840,416,0,0,0,0,0,88,0,6280,32,224,32,0,0,0,0,0,56,0,0,0,0,0,0,0,0,0,0,6624
0,0,0,0,0,0,0,0,0,0,7152,0,0,3280,2840,912,0,0,0,0,0,120,0,6776,32,224,32,0,0,0,0,0,88,0,0,0,0,0,0,0,0,0,0,7152
0,0,0,0,0,0,0,0,0,0,7656,0,0,3560,3048,912,0,0,0,0,0,136,0,7232,40,256,32,0,0,0,0,0,96,0,0,0,0,0,0,0,0,0,0,7656
0,0,0,0,0,0,0,0,0,0,7720,0,0,3568,3080,912,0,0,0,0,0,160,0,7264,40,264,32,0,0,0,0,0,120,0,0,0,0,0,0,0,0,0,0,7720
0,0,0,0,0,0,0,0,0,0,7936,0,0,3568,3264,912,0,0,0,0,0,192,0,7448,40,264,32,0,0,0,0,0,152,0,0,0,0,0,0,0,0,0,0,7936
0,0,0,0,0,0,0,0,0,0,11136,0,0,5376,4424,1104,8,0,0,0,0,224,0,10544,80,304,40,8,0,0,0,0,160,0,0,0,0,0,0,0,0,0,0,11136
0,0,0,0,0,0,0,0,0,0,11176,0,0,5376,4432,1112,8,0,0,0,0,248,0,10560,80,304,40,8,0,0,0,0,184,0,0,0,0,0,0,0,0,0,0,11176
0,0,0,0,0,0,0,0,0,0,11872,0,0,5456,5000,1128,8,0,0,0,0,280,0,11184,96,320,64,16,0,0,0,0,192,0,0,0,0,0,0,0,0,0,0,11872
0,0,0,0,0,0,0,0,0,0,11912,0,0,5464,5008,1128,8,0,0,0,0,304,0,11192,96,328,64,16,0,0,0,0,216,0,0,0,0,0,0,0,0,0,0,11912
0,0,0,0,0,0,0,0,0,0,12096,0,0,5504,5120,1128,16,0,0,0,0,328,0,11320,120,344,72,16,0,0,0,0,224,0,0,0,0,0,0,0,0,0,0,12096
0,0,0,0,0,0,0,0,0,0,12968,0,0,5544,5152,1200,384,272,0,0,0,416,0,12048,168,408,104,16,0,0,0,0,224,0,0,0,0,0,0,0,0,0,0,12968
0,0,48,32,280,784,376,256,72,24,13736,0,0,5912,5272,2016,1464,352,8,8,0,576,0,14304,320,560,184,16,0,0,0,0,224,0,0,0,0,0,0,0,0,0,0,15608
0,0,64,56,312,808,400,280,80,24,14128,0,0,6176,5376,2088,1480,360,8,8,0,656,0,14616,400,648,232,32,0,0,0,0,224,0,0,0,0,0,0,0,0,0,0,16152
0,0,248,368,672,960,1120,360,336,56,15232,0,0,6408,6064,2928,2600,424,48,24,8,848,0,17408,544,800,328,48,0,0,0,0,224,0,0,0,0,0,0,0,0,0,0,19352
0,0,320,448,768,1040,1200,392,360,64,17960,0,0,7248,6600,3376,2944,656,160,96,80,1392,0,19576,960,1224,512,56,0,0,0,0,224,0,0,0,0,0,0,0,0,0,0,22552
0,0,376,512,840,1088,1240,416,384,64,20832,0,0,7840,7072,3904,3344,992,328,232,168,1872,0,21808,1336,1624,696,64,0,0,0,0,224,0,0,0,0,0,0,0,0,0,0,25752
0,0,376,512,840,1088,1240,424,384,64,20920,0,0,7912,7080,3912,3344,992,336,232,168,1872,0,21864,1344,1632,720,64,0,0,0,0,224,0,0,0,0,0,0,0,0,0,0,25848
0,0,376,512,840,1088,1240,424,384,64,21728,0,0,8256,7216,4016,3400,1016,352,240,176,1984,0,22336,1464,1768,792,72,0,0,0,0,224,0,0,0,0,0,0,0,0,0,0,26656
0,0,376,512,840,1088,1240,424,384,64,24928,0,0,8424,8432,4656,3816,1304,352,248,184,2440,0,24520,1984,2248,808,72,0,0,0,0,224,0,0,0,0,0,0,0,0,0,0,29856
0,0,400,544,872,1112,1248,432,384,64,25920,0,0,8744,8592,4848,3976,1376,416,256,184,2584,0,25304,2104,2392,880,72,0,0,0,0,224,0,0,0,0,0,0,0,0,0,0,30976
0,0,416,560,888,1128,1264,448,392,72,26664,0,0,9160,8728,4984,4040,1392,416,256,184,2672,0,25880,2208,2504,944,72,0,0,0,0,224,0,0,0,0,0,0,0,0,0,0,31832
0,0,416,560,888,1128,1264,448,392,72,27384,0,0,9464,8832,5104,4104,1424,424,256,192,2752,0,26328,2304,2600,1024,72,0,0,0,0,224,0,0,0,0,0,0,0,0,0,0,32552
0,0,488,640,952,1200,1344,496,416,72,30144,0,0,10304,9232,5584,4440,1688,600,384,288,3232,0,28584,2664,2944,1264,72,0,0,0,0,224,0,0,0,0,0,0,0,0,0,0,35752
0,0,488,640,952,1200,1344,496,416,72,30336,0,0,10440,9256,5592,4440,1688,600,384,288,3256,0,28712,2688,2976,1272,72,0,0,0,0,224,0,0,0,0,0,0,0,0,0,0,35944
0,0,520,664,976,1216,1360,504,416,72,30720,0,0,10656,9384,5672,4464,1696,600,384,288,3304,0,29056,2736,3032,1328,72,0,0,0,0,224,0,0,0,0,0,0,0,0,0,0,36448
0,0,536,680,992,1232,1368,504,416,72,31240,0,0,10944,9512,5744,4512,1712,608,384,288,3336,0,29456,2800,3104,1384,72,0,0,0,0,224,0,0,0,0,0,0,0,0,0,0,37040
0,0,568,704,1024,1256,1384,504,416,72,31624,0,0,11144,9624,5848,4544,1720,608,384,296,3384,0,29800,2864,3168,1424,72,0,0,0,0,224,0,0,0,0,0,0,0,0,0,0,37552
0,0,648,784,1096,1328,1392,512,424,72,34048,0,0,12080,10008,6224,4800,1912,704,448,336,3792,0,31712,3160,3464,1664,80,0,0,0,0,224,0,0,0,0,0,0,0,0,0,0,40304
0,0,656,800,1104,1336,1400,512,424,72,34152,0,0,12136,10056,6256,4800,1912,704,448,336,3808,0,31816,3184,3480,1672,80,0,0,0,0,224,0,0,0,0,0,0,0,0,0,0,40456
0,0,656,800,1104,1336,1400,512,424,72,34184,0,0,12136,10064,6256,4800,1912,704,448,336,3832,0,31824,3184,3480,1672,80,0,0,0,0,248,0,0,0,0,0,0,0,0,0,0,40488
0,0,664,808,1112,1344,1408,512,424,72,34760,0,0,12384,10152,6328,4864,1944,720,448,336,3928,0,32224,3248,3568,1728,80,0,0,0,0,256,0,0,0,0,0,0,0,0,0,0,41104
0,0,688,832,1144,1384,1448,560,464,640,35848,0,0,12952,10400,6528,4968,2016,1272,448,336,4088,0,33616,3424,3776,1848,88,0,0,0,0,256,0,0,0,0,0,0,0,0,0,0,43008
0,0,696,840,1152,1392,1448,560,464,640,36968,0,0,13464,10552,6672,5064,2104,1296,464,344,4200,0,34368,3568,3928,1952,88,0,0,0,0,256,0,0,0,0,0,0,0,0,0,0,44160
0,0,696,840,1152,1392,1448,560,464,640,37360,0,0,13664,10616,6736,5072,2112,1304,464,344,4240,0,34600,3632,4000,1976,88,0,0,0,0,256,0,0,0,0,0,0,0,0,0,0,44552
0,0,712,856,1168,1408,1464,568,472,640,38312,0,0,14008,10736,6912,5192,2200,1336,488,368,4360,0,35312,3760,4128,2056,88,0,0,0,0,256,0,0,0,0,0,0,0,0,0,0,45600
0,0,712,856,1168,1408,1464,568,472,640,38528,0,0,14144,10768,6928,5192,2200,1336,488,368,4392,0,35440,3784,4160,2080,96,0,0,0,0,256,0,0,0,0,0,0,0,0,0,0,45816
0,0,736,880,1184,1424,1472,576,472,640,38960,0,0,14376,10880,7024,5224,2208,1336,488,368,4440,0,35760,3880,4224,2128,96,0,0,0,0,256,0,0,0,0,0,0,0,0,0,0,46344
0,0,744,896,1192,1432,1480,576,472,640,39168,0,0,14536,10936,7048,5232,2208,1336,488,368,4448,0,35944,3904,4256,2144,96,0,0,0,0,256,0,0,0,0,0,0,0,0,0,0,46600
0,0,744,896,1192,1432,1480,576,472,640,39264,0,0,14592,10944,7064,5240,2208,1336,488,368,4456,0,35992,3928,4272,2152,96,0,0,0,0,256,0,0,0,0,0,0,0,0,0,0,46696
0,0,768,920,1224,1472,1504,608,488,656,40200,0,0,15024,11096,7264,5368,2280,1360,504,384,4560,0,36744,4072,4424,2248,96,0,0,0,0,256,0,0,0,0,0,0,0,0,0,0,47840
0,0,768,920,1224,1472,1504,608,488,656,40368,0,0,15152,11112,7272,5368,2280,1360,504,384,4576,0,36848,4088,4456,2264,96,0,0,0,0,256,0,0,0,0,0,0,0,0,0,0,48008
0,0,792,944,1248,1488,1520,640,512,656,41432,0,0,15640,11320,7456,5504,2336,1368,520,392,4696,0,37648,4256,4624,2352,96,0,0,0,0,256,0,0,0,0,0,0,0,0,0,0,49232
0,0,792,944,1248,1488,1520,640,512,656,41536,0,0,15672,11360,7464,5504,2336,1376,520,392,4712,0,37712,4264,4648,2360,96,0,0,0,0,256,0,0,0,0,0,0,0,0,0,0,49336
0,0,792,944,1248,1488,1520,640,512,656,41584,0,0,15704,11368,7464,5504,2336,1376,520,392,4720,0,37736,4272,4664,2360,96,0,0,0,0,256,0,0,0,0,0,0,0,0,0,0,49384
0,0,792,944,1248,1488,1520,640,512,656,41624,0,0,15736,11376,7464,5504,2336,1376,520,392,4720,0,37760,4280,4672,2360,96,0,0,0,0,256,0,0,0,0,0,0,0,0,0,0,49424
0,0,800,952,1256,1496,1528,640,512,656,43016,0,0,16152,11600,7696,5664,2448,1448,552,408,4888,0,38720,4464,4840,2472,104,0,0,0,0,256,0,0,0,0,0,0,0,0,0,0,50856
0,0,864,1016,1328,1536,1552,656,520,656,44768,0,0,16944,11944,7992,5848,2528,1512,592,424,5112,0,40120,4696,5088,2632,104,0,0,0,0,256,0,0,0,0,0,0,0,0,0,0,52896
0,0,880,1032,1352,1544,1560,664,520,656,45088,0,0,17152,11984,8048,5880,2536,1512,592,424,5168,0,40360,4752,5152,2664,112,0,0,0,0,256,0,0,0,0,0,0,0,0,0,0,53296
0,0,952,1120,1440,1608,1608,720,544,664,47840,0,0,18224,12440,8552,6216,2760,1616,672,464,5552,0,42616,5104,5536,2872,112,0,0,0,0,256,0,0,0,0,0,0,0,0,0,0,56496
0,0,968,1136,1456,1624,1632,736,552,664,49056,0,0,18880,12632,8752,6320,2792,1624,672,464,5688,0,43440,5280,5712,3024,112,0,0,0,0,256,0,0,0,0,0,0,0,0,0,0,57824
0,0,1008,1168,1496,1664,1672,760,576,672,49736,0,0,19352,12856,8872,6344,2792,1624,680,464,5768,0,44056,5384,5832,3096,128,0,0,0,0,256,0,0,0,0,0,0,0,0,0,0,58752
0,0,1048,1208,1528,1680,1696,776,584,672,50960,0,0,20112,13080,9048,6432,2808,1624,680,464,5904,0,44904,5576,6072,3216,128,0,0,0,0,256,0,0,0,0,0,0,0,0,0,0,60152
0,0,1056,1216,1536,1688,1696,776,584,672,51056,0,0,20184,13112,9056,6432,2808,1624,680,464,5920,0,44992,5584,6080,3224,144,0,0,0,0,256,0,0,0,0,0,0,0,0,0,0,60280
0,0,1088,1248,1552,1704,1704,776,584,672,51968,0,0,20760,13288,9184,6464,2832,1632,680,464,5992,0,45656,5736,6216,3280,152,0,0,0,0,256,0,0,0,0,0,0,0,0,0,0,61296
0,0,1112,1272,1576,1712,1704,776,584,672,52320,0,0,20944,13384,9240,6488,2840,1632,688,464,6048,0,45936,5776,6280,3328,152,0,0,0,0,256,0,0,0,0,0,0,0,0,0,0,61728
0,0,1184,1352,1648,1784,1736,808,608,680,55128,0,0,21864,13872,9720,6824,3080,1800,808,520,6440,0,48208,6128,6640,3536,160,0,0,0,0,256,0,0,0,0,0,0,0,0,0,0,64928
0,0,1256,1424,1720,1856,1776,832,632,680,57952,0,0,22928,14400,10144,7112,3336,1912,896,576,6824,0,50504,6480,6992,3736,160,0,0,0,0,256,0,0,0,0,0,0,0,0,0,0,68128
0,0,1288,1464,1752,1888,1792,848,640,680,58456,0,0,23192,14600,10240,7144,3360,1928,896,576,6872,0,50992,6544,7072,3776,168,0,0,0,0,256,0,0,0,0,0,0,0,0,0,0,68808
0,0,1336,1512,1800,1928,1832,880,656,688,59664,0,0,23744,14864,10464,7288,3456,1968,920,584,7008,0,51984,6744,7256,3872,184,0,0,0,0,256,0,0,0,0,0,0,0,0,0,0,70296
0,0,1336,1512,1800,1928,1832,880,656,688,59768,0,0,23808,14880,10472,7296,3456,1976,920,584,7008,0,52056,6760,7272,3872,184,0,0,0,0,256,0,0,0,0,0,0,0,0,0,0,70400
0,0,1352,1528,1816,1936,1840,880,656,688,60208,0,0,24096,14976,10536,7312,3464,1976,920,584,7040,0,52384,6824,7344,3904,192,0,0,0,0,256,0,0,0,0,0,0,0,0,0,0,70904
0,0,1352,1528,1816,1936,1840,880,656,688,60440,0,0,24232,15016,10552,7320,3472,1976,920,584,7064,0,52536,6848,7384,3920,192,0,0,0,0,256,0,0,0,0,0,0,0,0,0,0,71136
0,0,1384,1560,1848,1968,1888,928,688,728,60832,0,0,24496,15144,10648,7392,3528,1984,920,584,7128,0,53024,6920,7456,3952,216,0,0,0,0,256,0,0,0,0,0,0,0,0,0,0,71824
0,0,1408,1584,1872,1984,1896,936,696,728,61712,0,0,24896,15320,10800,7472,3584,2016,928,592,7208,0,53672,7056,7576,4040,216,0,0,0,0,256,0,0,0,0,0,0,0,0,0,0,72816
0,0,1504,1648,1944,2040,1936,960,736,776,63712,0,0,25912,15736,11160,7664,3712,2064,960,600,7448,0,55328,7336,7896,4208,232,0,0,0,0,256,0,0,0,0,0,0,0,0,0,0,75256
0,0,1528,1680,1968,2072,1944,968,736,776,64928,0,0,26376,15904,11352,7856,3808,2112,992,632,7568,0,56248,7488,8056,4320,232,0,0,0,0,256,0,0,0,0,0,0,0,0,0,0,76600
0,0,1552,1704,1992,2112,1968,968,736,776,65616,0,0,26784,16072,11480,7888,3824,2112,992,632,7640,0,56808,7576,8152,4376,256,0,0,0,0,256,0,0,0,0,0,0,0,0,0,0,77424
0,0,1592,1760,2032,2136,1976,976,736,776,65928,0,0,26960,16144,11576,7960,3848,2112,992,632,7688,0,57144,7616,8208,4424,264,0,0,0,0,256,0,0,0,0,0,0,0,0,0,0,77912
0,0,1640,1800,2072,2168,2000,992,736,776,66400,0,0,27152,16288,11728,8056,3856,2112,992,632,7768,0,57592,7696,8288,4480,272,0,0,0,0,256,0,0,0,0,0,0,0,0,0,0,78584
0,0,1688,1848,2128,2232,2024,1008,744,784,67552,0,0,27592,16536,11992,8248,3920,2136,1008,664,7912,0,58576,7840,8472,4576,288,0,0,0,0,256,0,0,0,0,0,0,0,0,0,0,80008
0,0,1696,1856,2136,2232,2024,1008,744,784,67760,0,0,27728,16576,12024,8256,3920,2136,1008,664,7928,0,58712,7864,8504,4600,304,0,0,0,0,256,0,0,0,0,0,0,0,0,0,0,80240
0,0,1696,1856,2136,2232,2024,1008,744,784,68112,0,0,27888,16624,12080,8280,3944,2144,1008,664,7960,0,58920,7920,8552,4632,312,0,0,0,0,256,0,0,0,0,0,0,0,0,0,0,80592
0,0,1720,1880,2160,2248,2024,1008,744,784,68792,0,0,28200,16800,12184,8320,3968,2144,1016,664,8064,0,59392,8016,8664,4720,312,0,0,0,0,256,0,0,0,0,0,0,0,0,0,0,81360
0,0,1744,1904,2184,2272,2056,1040,776,800,69408,0,0,28592,16920,12272,8400,4008,2168,1016,664,8144,0,59936,8112,8768,4792,320,0,0,0,0,256,0,0,0,0,0,0,0,0,0,0,82184
0,0,1800,1968,2240,2312,2080,1056,784,800,70960,0,0,29152,17208,12584,8576,4120,2240,1064,688,8368,0,61184,8320,8968,4944,328,0,0,0,0,256,0,0,0,0,0,0,0,0,0,0,84000
0,0,1824,1984,2256,2320,2088,1056,784,800,71808,0,0,29576,17360,12688,8648,4168,2248,1080,696,8456,0,61776,8448,9096,5016,328,0,0,0,0,256,0,0,0,0,0,0,0,0,0,0,84920
0,0,1904,2056,2320,2352,2104,1056,784,800,74720,0,0,30640,17840,13096,8952,4368,2376,1176,736,8912,0,64040,8792,9448,5232,328,0,0,0,0,256,0,0,0,0,0,0,0,0,0,0,88096
0,0,1992,2120,2384,2408,2160,1120,808,816,77488,0,0,31624,18304,13576,9320,4544,2504,1304,800,9320,0,66280,9144,9816,5456,344,0,0,0,0,256,0,0,0,0,0,0,0,0,0,0,91296
0,0,2040,2160,2432,2448,2168,1120,808,816,79000,0,0,32224,18584,13808,9464,4656,2584,1336,808,9528,0,67448,9328,10000,5616,344,0,0,0,0,256,0,0,0,0,0,0,0,0,0,0,92992
0,0,2064,2184,2456,2464,2208,1152,816,824,79992,0,0,32720,18744,13968,9568,4720,2616,1344,808,9672,0,68192,9472,10168,5720,352,0,0,0,0,256,0,0,0,0,0,0,0,0,0,0,94160
0,0,2064,2184,2456,2464,2208,1152,816,824,80480,0,0,32920,18808,14032,9608,4752,2632,1360,816,9720,0,68496,9536,10248,5760,352,0,0,0,0,256,0,0,0,0,0,0,0,0,0,0,94648
0,0,2136,2256,2520,2520,2256,1200,840,824,82032,0,0,33568,19104,14344,9824,4888,2680,1400,848,9928,0,69832,9744,10480,5920,352,0,0,0,0,256,0,0,0,0,0,0,0,0,0,0,96584
0,0,2184,2296,2552,2552,2280,1208,840,824,83792,0,0,34224,19400,14616,10024,5040,2736,1440,872,10176,0,71128,9968,10712,6104,360,0,0,0,0,256,0,0,0,0,0,0,0,0,0,0,98528
0,0,2184,2296,2552,2552,2280,1208,840,824,83824,0,0,34232,19400,14616,10024,5040,2736,1440,872,10200,0,71128,9968,10720,6104,360,0,0,0,0,280,0,0,0,0,0,0,0,0,0,0,98560
0,0,2232,2352,2592,2592,2304,1240,848,824,86568,0,0,35080,19816,14984,10272,5256,2872,1544,984,10744,0,73168,10312,11056,6368,360,0,0,0,0,288,0,0,0,0,0,0,0,0,0,0,101552
0,0,2248,2368,2616,2608,2320,1256,856,824,86760,0,0,35208,19872,15040,10296,5256,2872,1544,984,10784,0,73368,10336,11104,6392,368,0,0,0,0,288,0,0,0,0,0,0,0,0,0,0,101856
0,0,2264,2384,2632,2624,2328,1264,864,824,87424,0,0,35520,20000,15168,10352,5280,2888,1544,992,10864,0,73896,10416,11184,6448,376,0,0,0,0,288,0,0,0,0,0,0,0,0,0,0,102608
0,0,2336,2456,2712,2712,2376,1304,896,840,89104,0,0,36296,20264,15464,10624,5392,2992,1600,1016,11088,0,75360,10648,11464,6600,376,0,0,0,0,288,0,0,0,0,0,0,0,0,0,0,104736
0,0,2336,2456,2712,2712,2376,1304,896,840,89136,0,0,36312,20264,15464,10624,5392,2992,1600,1016,11104,0,75360,10648,11472,6600,376,0,0,0,0,312,0,0,0,0,0,0,0,0,0,0,104768
0,0,2344,2464,2720,2720,2384,1312,896,840,89280,0,0,36408,20320,15496,10624,5392,2992,1600,1016,11112,0,75480,10680,11496,6608,376,0,0,0,0,320,0,0,0,0,0,0,0,0,0,0,104960
0,0,2384,2520,2752,2744,2408,1328,904,848,90136,0,0,36880,20504,15640,10720,5440,3000,1600,1016,11224,0,76168,10824,11632,6704,376,0,0,0,0,320,0,0,0,0,0,0,0,0,0,0,106024
0,0,2416,2552,2792,2776,2448,1344,904,848,91160,0,0,37472,20712,15824,10800,5456,3000,1600,1016,11360,0,76936,10976,11808,6824,376,0,0,0,0,320,0,0,0,0,0,0,0,0,0,0,107240
0,0,2424,2560,2800,2784,2456,1352,912,848,91416,0,0,37608,20784,15864,10824,5472,3000,1600,1016,11384,0,77128,11024,11848,6848,384,0,0,0,0,320,0,0,0,0,0,0,0,0,0,0,107552
0,0,2424,2560,2800,2784,2456,1352,912,848,91872,0,0,37824,20872,15920,10856,5496,3000,1600,1016,11424,0,77408,11088,11912,6896,384,0,0,0,0,320,0,0,0,0,0,0,0,0,0,0,108008
0,0,2424,2560,2800,2792,2464,1368,912,848,92000,0,0,37928,20896,15936,10856,5504,3000,1600,1016,11432,0,77504,11120,11936,6904,384,0,0,0,0,320,0,0,0,0,0,0,0,0,0,0,108168
0,0,2456,2592,2832,2824,2496,1392,912,848,93320,0,0,38592,21144,16184,10976,5560,3024,1608,1016,11568,0,78520,11296,12136,7016,384,0,0,0,0,320,0,0,0,0,0,0,0,0,0,0,109672
0,0,2480,2616,2864,2856,2512,1392,912,848,93736,0,0,38832,21264,16280,11000,5568,3024,1608,1016,11624,0,78872,11360,12208,7064,392,0,0,0,0,320,0,0,0,0,0,0,0,0,0,0,110216
0,0,2488,2624,2872,2864,2520,1392,912,848,94000,0,0,38976,21368,16304,11000,5568,3032,1608,1016,11648,0,79056,11400,12264,7088,392,0,0,0,0,320,0,0,0,0,0,0,0,0,0,0,110520
0,0,2544,2680,2928,2904,2560,1424,944,856,95416,0,0,39536,21664,16552,11200,5664,3104,1664,1048,11824,0,80256,11600,12472,7216,392,0,0,0,0,320,0,0,0,0,0,0,0,0,0,0,112256
0,0,2544,2680,2928,2904,2560,1424,944,856,95512,0,0,39592,21672,16560,11200,5664,3104,1664,1048,11848,0,80304,11608,12504,7224,392,0,0,0,0,320,0,0,0,0,0,0,0,0,0,0,112352
0,0,2608,2744,2992,2968,2608,1472,984,880,98296,0,0,40328,22080,17056,11704,5944,3264,1744,1128,12304,0,82552,11968,12872,7440,400,0,0,0,0,320,0,0,0,0,0,0,0,0,0,0,115552
0,0,2608,2744,2992,2976,2608,1472,984,880,98472,0,0,40416,22104,17096,11712,5952,3264,1744,1128,12320,0,82672,11992,12896,7456,400,0,0,0,0,320,0,0,0,0,0,0,0,0,0,0,115736
0,0,2608,2744,2992,2976,2608,1472,984,880,98512,0,0,40448,22104,17104,11712,5952,3264,1744,1128,12320,0,82680,12000,12920,7456,400,0,0,0,0,320,0,0,0,0,0,0,0,0,0,0,115776
0,0,2608,2744,2992,2976,2608,1472,984,880,98568,0,0,40472,22120,17112,11712,5952,3264,1744,1128,12328,0,82704,12008,12936,7464,400,0,0,0,0,320,0,0,0,0,0,0,0,0,0,0,115832
0,0,2672,2808,3072,3064,2672,1528,1024,912,100816,0,0,41216,22568,17504,12008,6136,3376,1880,1184,12696,0,84624,12312,13248,7664,400,0,0,0,0,320,0,0,0,0,0,0,0,0,0,0,118568
0,0,2672,2808,3072,3064,2672,1528,1024,912,100856,0,0,41216,22576,17512,12008,6136,3376,1880,1184,12720,0,84632,12320,13248,7664,400,0,0,0,0,344,0,0,0,0,0,0,0,0,0,0,118608
0,0,2704,2840,3112,3096,2704,1552,1048,912,103096,0,0,41904,22920,17888,12248,6344,3480,1928,1272,13080,0,86312,12592,13536,7872,400,0,0,0,0,352,0,0,0,0,0,0,0,0,0,0,121064
0,0,2784,2920,3184,3184,2768,1592,1080,920,105832,0,0,42688,23336,18336,12608,6648,3648,2048,1360,13592,0,88640,12904,13864,8096,408,0,0,0,0,352,0,0,0,0,0,0,0,0,0,0,124264
0,0,2784,2920,3184,3184,2768,1592,1080,920,106096,0,0,42840,23376,18360,12624,6656,3648,2048,1360,13616,0,88800,12944,13904,8120,408,0,0,0,0,352,0,0,0,0,0,0,0,0,0,0,124528
0,0,2824,2952,3216,3216,2784,1592,1080,920,107112,0,0,43296,23584,18520,12728,6720,3680,2072,1360,13736,0,89584,13072,14056,8224,408,0,0,0,0,352,0,0,0,0,0,0,0,0,0,0,125696
0,0,2856,2984,3248,3248,2800,1608,1080,920,109192,0,0,43904,23904,18832,12952,6952,3768,2128,1400,14096,0,91128,13312,14312,8416,416,0,0,0,0,352,0,0,0,0,0,0,0,0,0,0,127936
0,0,2896,3040,3288,3280,2824,1624,1096,928,110528,0,0,44320,24120,19072,13144,7112,3848,2184,1424,14280,0,92200,13504,14480,8536,432,0,0,0,0,352,0,0,0,0,0,0,0,0,0,0,129504
0,0,2904,3048,3296,3288,2832,1632,1104,936,111000,0,0,44528,24216,19160,13208,7136,3848,2184,1424,14336,0,92568,13560,14544,8568,448,0,0,0,0,352,0,0,0,0,0,0,0,0,0,0,130040
0,0,2912,3056,3312,3296,2832,1632,1104,936,111440,0,0,44792,24304,19224,13232,7144,3856,2184,1424,14360,0,92864,13632,14608,8616,448,0,0,0,0,352,0,0,0,0,0,0,0,0,0,0,130520
0,0,2920,3064,3320,3312,2840,1648,1104,936,111912,0,0,45064,24368,19288,13288,7160,3872,2192,1432,14392,0,93224,13696,14672,8648,464,0,0,0,0,352,0,0,0,0,0,0,0,0,0,0,131056
0,0,2944,3096,3344,3336,2864,1672,1112,944,112760,0,0,45496,24512,19440,13384,7208,3888,2200,1440,14504,0,93904,13808,14808,8728,472,0,0,0,0,352,0,0,0,0,0,0,0,0,0,0,132072
0,0,3032,3168,3408,3384,2912,1736,1128,952,114960,0,0,46264,24872,19880,13688,7400,4032,2256,1472,14816,0,95760,14080,15088,8928,472,0,0,0,0,352,0,0,0,0,0,0,0,0,0,0,134680
0,0,3032,3168,3408,3384,2912,1736,1128,952,115240,0,0,46432,24904,19912,13696,7400,4032,2256,1472,14856,0,95920,14112,15152,8952,472,0,0,0,0,352,0,0,0,0,0,0,0,0,0,0,134960
0,0,3032,3168,3408,3384,2912,1736,1128,952,115296,0,0,46448,24920,19920,13696,7408,4032,2256,1472,14864,0,95944,14128,15160,8960,472,0,0,0,0,352,0,0,0,0,0,0,0,0,0,0,135016
0,0,3096,3232,3488,3456,2960,1784,1168,968,116480,0,0,47304,25184,20160,13784,7440,4032,2256,1472,15000,0,97040,14312,15368,9064,496,0,0,0,0,352,0,0,0,0,0,0,0,0,0,0,136632
0,0,3136,3272,3536,3488,2984,1792,1176,968,117104,0,0,47680,25368,20320,13816,7456,4032,2256,1472,15056,0,97608,14400,15456,9136,504,0,0,0,0,352,0,0,0,0,0,0,0,0,0,0,137456
0,0,3176,3304,3568,3512,3024,1808,1192,976,118088,0,0,48200,25544,20464,13904,7512,4064,2264,1488,15208,0,98384,14536,15592,9264,520,0,0,0,0,352,0,0,0,0,0,0,0,0,0,0,138648
0,0,3184,3312,3576,3512,3024,1808,1192,976,118736,0,0,48528,25640,20536,13968,7536,4080,2272,1488,15272,0,98816,14624,15680,9320,528,0,0,0,0,352,0,0,0,0,0,0,0,0,0,0,139320
0,0,3232,3368,3632,3560,3056,1840,1216,976,120728,0,0,49224,25920,20936,14240,7704,4184,2352,1528,15520,0,100448,14864,15952,9464,528,0,0,0,0,352,0,0,0,0,0,0,0,0,0,0,141608
0,0,3296,3432,3704,3632,3096,1880,1248,984,123536,0,0,50104,26368,21448,14640,7984,4296,2448,1600,15920,0,102696,15224,16312,9688,536,0,0,0,0,352,0,0,0,0,0,0,0,0,0,0,144808
0,0,3296,3432,3704,3632,3096,1880,1248,984,123688,0,0,50208,26400,21456,14640,7984,4296,2448,1600,15928,0,102776,15248,16336,9704,544,0,0,0,0,352,0,0,0,0,0,0,0,0,0,0,144960
0,0,3304,3440,3712,3640,3096,1880,1248,984,124064,0,0,50408,26480,21504,14664,7992,4296,2448,1600,15976,0,103000,15312,16416,9744,544,0,0,0,0,352,0,0,0,0,0,0,0,0,0,0,145368
0,0,3392,3536,3784,3712,3152,1920,1272,1008,126792,0,0,51312,26936,21968,15048,8248,4440,2584,1664,16368,0,105288,15648,16752,9976,552,0,0,0,0,352,0,0,0,0,0,0,0,0,0,0,148568
0,0,3440,3584,3816,3744,3184,1928,1280,1008,127664,0,0,51800,27136,22136,15128,8312,4448,2584,1664,16440,0,106032,15776,16864,10056,568,0,0,0,0,352,0,0,0,0,0,0,0,0,0,0,149648
0,0,3488,3640,3880,3800,3208,1952,1288,1016,128616,0,0,52256,27400,22328,15224,8352,4480,2592,1672,16584,0,106896,15904,16992,10160,584,0,0,0,0,352,0,0,0,0,0,0,0,0,0,0,150888
0,0,3512,3664,3904,3832,3216,1952,1288,1016,129592,0,0,52728,27576,22488,15320,8400,4496,2600,1672,16696,0,107608,16032,17128,10256,600,0,0,0,0,352,0,0,0,0,0,0,0,0,0,0,151976
0,0,3520,3672,3912,3840,3216,1952,1288,1016,130040,0,0,52952,27704,22544,15336,8408,4504,2600,1672,16736,0,107896,16104,17208,10296,600,0,0,0,0,352,0,0,0,0,0,0,0,0,0,0,152456
0,0,3536,3696,3936,3864,3240,1976,1296,1016,130328,0,0,53152,27768,22624,15368,8416,4504,2600,1672,16784,0,108184,16144,17264,10336,608,0,0,0,0,352,0,0,0,0,0,0,0,0,0,0,152888
0,0,3552,3712,3952,3880,3248,1984,1296,1016,130904,0,0,53416,27872,22728,15432,8432,4520,2600,1672,16872,0,108592,16232,17360,10392,616,0,0,0,0,352,0,0,0,0,0,0,0,0,0,0,153544
0,0,3568,3728,3968,3888,3248,1984,1296,1016,131568,0,0,53832,28000,22808,15464,8432,4520,2600,1672,16936,0,109056,16320,17456,10456,624,0,0,0,0,352,0,0,0,0,0,0,0,0,0,0,154264
0,0,3640,3800,4048,3944,3320,2040,1352,1040,133416,0,0,54592,28368,23288,15704,8560,4552,2632,1688,17216,0,110584,16616,17736,10664,648,0,0,0,0,352,0,0,0,0,0,0,0,0,0,0,156600
0,0,3640,3800,4048,3944,3320,2040,1352,1040,133448,0,0,54600,28368,23288,15704,8560,4552,2632,1688,17240,0,110584,16624,17736,10664,648,0,0,0,0,376,0,0,0,0,0,0,0,0,0,0,156632
0,0,3648,3808,4056,3952,3328,2048,1352,1040,133552,0,0,54672,28416,23304,15704,8560,4552,2632,1688,17256,0,110664,16640,17752,10672,656,16,0,0,0,384,0,0,0,0,0,0,0,0,0,0,156784
0,0,3696,3856,4104,3984,3352,2072,1376,1040,135040,0,0,55400,28696,23568,15848,8616,4600,2656,1696,17440,0,111840,16864,17944,10808,656,24,0,0,0,384,0,0,0,0,0,0,0,0,0,0,158520
0,0,3768,3928,4160,4024,3384,2096,1392,1040,137928,0,0,56344,29152,23960,16168,8800,4736,2800,1776,17984,0,114064,17224,18312,11048,664,24,0,0,0,384,0,0,0,0,0,0,0,0,0,0,161720
0,0,3792,3960,4192,4048,3408,2144,1408,1048,138472,0,0,56600,29264,24064,16224,8856,4776,2816,1792,18080,0,114576,17304,18400,11112,672,24,0,0,0,384,0,0,0,0,0,0,0,0,0,0,162472
0,0,3800,3976,4208,4056,3416,2144,1408,1048,138560,0,0,56688,29304,24072,16224,8856,4776,2816,1792,18088,0,114680,17312,18416,11120,680,24,0,0,0,384,0,0,0,0,0,0,0,0,0,0,162616
0,0,3816,3992,4232,4072,3424,2152,1416,1048,139080,0,0,56912,29424,24184,16280,8896,4792,2816,1792,18136,0,115096,17384,18496,11160,688,24,0,0,0,384,0,0,0,0,0,0,0,0,0,0,163232
0,0,3864,4040,4288,4112,3456,2160,1416,1048,140680,0,0,57608,29704,24472,16464,8984,4840,2848,1800,18344,0,116296,17616,18736,11320,688,24,0,0,0,384,0,0,0,0,0,0,0,0,0,0,165064
0,0,3880,4056,4304,4128,3480,2160,1416,1048,141104,0,0,57816,29824,24568,16496,8992,4840,2848,1800,18392,0,116616,17680,18816,11360,696,24,0,0,0,384,0,0,0,0,0,0,0,0,0,0,165576
0,0,3880,4056,4304,4128,3480,2160,1416,1048,141272,0,0,57896,29856,24584,16512,9000,4840,2848,1800,18408,0,116704,17704,18832,11384,712,24,0,0,0,384,0,0,0,0,0,0,0,0,0,0,165744
0,0,3880,4056,4304,4128,3480,2160,1416,1048,141320,0,0,57936,29864,24584,16512,9000,4840,2848,1800,18408,0,116720,17712,18848,11384,720,24,0,0,0,384,0,0,0,0,0,0,0,0,0,0,165792
0,0,3896,4072,4320,4136,3480,2160,1416,1048,141608,0,0,58120,29936,24624,16528,9008,4840,2848,1800,18432,0,116960,17744,18888,11416,720,24,0,0,0,384,0,0,0,0,0,0,0,0,0,0,166136
0,0,3896,4072,4320,4136,3480,2160,1416,1048,141696,0,0,58168,29968,24624,16528,9008,4840,2848,1800,18440,0,117016,17760,18896,11424,720,24,0,0,0,384,0,0,0,0,0,0,0,0,0,0,166224
0,0,3920,4096,4336,4152,3488,2168,1416,1048,142304,0,0,58448,30096,24736,16592,9048,4848,2856,1800,18504,0,117480,17840,18992,11480,728,24,0,0,0,384,0,0,0,0,0,0,0,0,0,0,166928
0,0,3960,4136,4376,4176,3520,2200,1432,1064,144160,0,0,59000,30376,25016,16864,9304,4976,2912,1840,18736,0,119000,18048,19208,11632,728,24,0,0,0,384,0,0,0,0,0,0,0,0,0,0,169024
0,0,4040,4216,4448,4256,3592,2232,1440,1064,146888,0,0,60080,30800,25456,17152,9512,5120,2960,1872,19224,0,121200,18392,19592,11856,728,24,0,0,0,384,0,0,0,0,0,0,0,0,0,0,172176
0,0,4112,4288,4512,4312,3656,2272,1472,1104,149648,0,0,60952,31264,25936,17544,9800,5256,3048,1936,19640,0,123528,18712,19912,12080,736,24,0,0,0,384,0,0,0,0,0,0,0,0,0,0,175376
0,0,4112,4288,4512,4312,3656,2272,1472,1104,149680,0,0,60968,31264,25936,17544,9800,5256,3048,1936,19656,0,123536,18712,19912,12080,736,24,0,0,0,408,0,0,0,0,0,0,0,0,0,0,175408
0,0,4128,4304,4528,4320,3664,2272,1472,1104,149944,0,0,61112,31304,26000,17584,9800,5256,3048,1936,19696,0,123744,18752,19960,12104,736,24,0,0,0,416,0,0,0,0,0,0,0,0,0,0,175736
0,0,4128,4304,4528,4320,3664,2272,1472,1104,150104,0,0,61224,31320,26008,17592,9800,5256,3048,1936,19712,0,123840,18776,19976,12112,752,24,0,0,0,416,0,0,0,0,0,0,0,0,0,0,175896
0,0,4160,4336,4568,4352,3704,2312,1488,1112,151160,0,0,61760,31528,26200,17736,9856,5272,3048,1960,19832,0,124704,18936,20136,12216,760,24,0,0,0,416,0,0,0,0,0,0,0,0,0,0,177192
0,0,4192,4384,4600,4376,3736,2344,1496,1112,152848,0,0,62264,31832,26576,17984,10008,5328,3072,1984,20040,0,126024,19144,20344,12368,768,24,0,0,0,416,0,0,0,0,0,0,0,0,0,0,179088
0,0,4224,4424,4632,4408,3768,2352,1496,1112,153328,0,0,62544,32000,26688,18008,10008,5336,3072,1984,20104,0,126488,19208,20424,12408,776,24,0,0,0,416,0,0,0,0,0,0,0,0,0,0,179744
0,0,4264,4464,4672,4448,3832,2408,1544,1144,154632,0,0,62960,32216,26960,18248,10136,5408,3144,2024,20312,0,127632,19400,20608,12528,800,24,0,0,0,416,0,0,0,0,0,0,0,0,0,0,181408
0,0,4280,4480,4688,4456,3840,2416,1552,1144,154960,0,0,63192,32296,27016,18272,10144,5408,3144,2024,20320,0,127920,19440,20648,12544,824,24,0,0,0,416,0,0,0,0,0,0,0,0,0,0,181816
0,0,4328,4528,4712,4488,3856,2424,1552,1144,155840,0,0,63792,32472,27152,18312,10160,5408,3144,2024,20408,0,128600,19568,20784,12632,848,24,0,0,0,416,0,0,0,0,0,0,0,0,0,0,182872
0,0,4368,4560,4736,4520,3872,2440,1560,1144,156928,0,0,64184,32688,27360,18464,10240,5440,3184,2032,20536,0,129480,19696,20928,12736,848,24,0,0,0,416,0,0,0,0,0,0,0,0,0,0,184128
0,0,4392,4584,4768,4544,3888,2456,1560,1144,157368,0,0,64392,32792,27432,18552,10296,5448,3184,2032,20576,0,129880,19760,20992,12768,864,24,0,0,0,416,0,0,0,0,0,0,0,0,0,0,184704
0,0,4440,4640,4832,4584,3928,2472,1568,1152,158400,0,0,65160,33016,27568,18616,10312,5456,3192,2032,20664,0,130776,19928,21144,12856,872,24,0,0,0,416,0,0,0,0,0,0,0,0,0,0,186016
0,0,4480,4680,4872,4608,3944,2488,1576,1152,159560,0,0,65488,33216,27824,18776,10416,5512,3232,2056,20840,0,131720,20080,21288,12960,872,24,0,0,0,416,0,0,0,0,0,0,0,0,0,0,187360
0,0,4504,4712,4896,4640,3960,2504,1584,1160,160592,0,0,66000,33392,27992,18872,10504,5528,3248,2056,20960,0,132536,20216,21448,13040,872,24,0,0,0,416,0,0,0,0,0,0,0,0,0,0,188552
0,0,4568,4784,4968,4720,4032,2544,1600,1168,163368,0,0,66704,33832,28416,19248,10848,5728,3376,2136,21464,0,134808,20576,21792,13264,872,24,0,0,0,416,0,0,0,0,0,0,0,0,0,0,191752
0,0,4640,4872,5056,4768,4064,2576,1608,1168,166200,0,0,67544,34320,28872,19656,11072,5880,3480,2200,21928,0,137120,20904,22128,13488,872,24,0,0,0,416,0,0,0,0,0,0,0,0,0,0,194952
0,0,4640,4872,5056,4768,4064,2576,1608,1168,166232,0,0,67544,34320,28872,19656,11072,5880,3488,2200,21952,0,137128,20904,22128,13488,872,24,0,0,0,440,0,0,0,0,0,0,0,0,0,0,194984
0,0,4704,4936,5144,4840,4104,2616,1624,1168,168432,0,0,68240,34672,29320,19944,11256,6008,3560,2248,22320,0,138912,21168,22432,13704,880,24,0,0,0,448,0,0,0,0,0,0,0,0,0,0,197568
0,0,4736,4968,5168,4872,4120,2632,1632,1168,169408,0,0,68816,34840,29432,20032,11320,6032,3576,2248,22408,0,139664,21328,22560,13784,896,24,0,0,0,448,0,0,0,0,0,0,0,0,0,0,198704
0,0,4808,5064,5248,4936,4184,2680,1664,1232,172088,0,0,69928,35296,29856,20312,11536,6104,3624,2352,22896,0,141928,21672,22920,14008,904,24,0,0,0,448,0,0,0,0,0,0,0,0,0,0,201904
0,0,4880,5128,5336,5008,4224,2712,1680,1240,174784,0,0,70752,35736,30296,20648,11792,6272,3728,2440,23328,0,144152,21968,23256,14240,904,24,0,0,0,448,0,0,0,0,0,0,0,0,0,0,204992
0,0,4912,5168,5352,5032,4240,2728,1680,1240,175400,0,0,71064,35872,30392,20688,11840,6296,3752,2448,23400,0,144664,22056,23336,14304,920,24,0,0,0,448,0,0,0,0,0,0,0,0,0,0,205752
0,0,4992,5248,5424,5112,4296,2776,1704,1256,177296,0,0,71736,36288,30824,20960,12032,6392,3776,2464,23632,0,146312,22320,23600,14464,936,24,0,0,0,448,0,0,0,0,0,0,0,0,0,0,208104
0,0,5000,5256,5432,5120,4304,2776,1704,1256,177672,0,0,71960,36360,30880,20968,12040,6392,3776,2464,23680,0,146560,22384,23672,14496,936,24,0,0,0,448,0,0,0,0,0,0,0,0,0,0,208520
0,0,5056,5304,5480,5152,4328,2792,1720,1256,178776,0,0,72432,36624,31104,21080,12136,6416,3784,2480,23808,0,147480,22552,23824,14584,952,24,0,0,0,448,0,0,0,0,0,0,0,0,0,0,209864
0,0,5056,5304,5480,5152,4328,2792,1720,1256,178992,0,0,72560,36648,31128,21096,12136,6416,3784,2480,23832,0,147592,22584,23864,14608,960,24,0,0,0,448,0,0,0,0,0,0,0,0,0,0,210080
0,0,5088,5344,5520,5200,4344,2808,1728,1264,179672,0,0,72896,36800,31272,21200,12176,6440,3784,2480,23920,0,148216,22680,23960,14672,968,24,0,0,0,448,0,0,0,0,0,0,0,0,0,0,210968
0,0,5096,5352,5528,5208,4352,2808,1728,1264,180240,0,0,73144,36912,31368,21240,12184,6472,3792,2480,23984,0,148624,22744,24048,14720,968,24,0,0,0,448,0,0,0,0,0,0,0,0,0,0,211576
0,0,5120,5376,5552,5224,4368,2816,1728,1264,181240,0,0,73720,37120,31504,21288,12216,6472,3792,2480,24096,0,149344,22888,24200,14816,968,24,0,0,0,448,0,0,0,0,0,0,0,0,0,0,212688
0,0,5160,5408,5584,5248,4384,2816,1728,1264,182216,0,0,74296,37272,31648,21376,12256,6480,3792,2480,24208,0,150048,23048,24368,14896,976,24,0,0,0,448,0,0,0,0,0,0,0,0,0,0,213808
0,0,5232,5472,5640,5328,4424,2856,1776,1296,183744,0,0,74944,37584,31944,21576,12424,6536,3832,2520,24408,0,151408,23248,24584,15056,1000,24,0,0,0,448,0,0,0,0,0,0,0,0,0,0,215768
0,0,5240,5480,5648,5336,4432,2864,1784,1304,184072,0,0,75112,37672,32008,21592,12440,6536,3832,2520,24448,0,151648,23304,24640,15088,1008,24,0,0,0,448,0,0,0,0,0,0,0,0,0,0,216160
0,0,5256,5496,5672,5368,4440,2872,1792,1304,184576,0,0,75344,37816,32128,21656,12456,6536,3832,2520,24488,0,152088,23368,24712,15112,1024,24,0,0,0,448,0,0,0,0,0,0,0,0,0,0,216776
0,0,5328,5568,5736,5448,4512,2912,1816,1328,187016,0,0,76240,38240,32584,22016,12592,6624,3904,2576,24888,0,154144,23648,25008,15352,1040,24,0,0,0,448,0,0,0,0,0,0,0,0,0,0,219664
0,0,5400,5640,5784,5496,4552,2936,1832,1328,188104,0,0,76984,38536,32792,22080,12592,6624,3904,2576,24984,0,155128,23800,25160,15448,1064,24,0,0,0,448,0,0,0,0,0,0,0,0,0,0,221072
0,0,5464,5712,5856,5576,4616,3008,1872,1344,190808,0,0,77736,38864,33248,22552,12976,6776,4008,2648,25448,0,157368,24136,25504,15704,1072,24,0,0,0,448,0,0,0,0,0,0,0,0,0,0,224256
0,0,5536,5784,5936,5680,4696,3032,1888,1360,193544,0,0,78520,39272,33712,22872,13312,6968,4112,2776,25912,0,159696,24440,25832,15944,1072,24,0,0,0,448,0,0,0,0,0,0,0,0,0,0,227456
