-1,0,1,2,3,4,5,6,7,8,>8,-1,0,1,2,3,4,5,6,7,8,>8,-1,0,1,2,3,4,5,6,7,8,>8,-1,0,1,2,3,4,5,6,7,8,>8
coin,coin,coin,coin,coin,coin,coin,coin,coin,coin,coin,crate,crate,crate,crate,crate,crate,crate,crate,crate,crate,crate,free,free,free,free,free,free,free,free,free,free,free,other,other,other,other,other,other,other,other,other,other,other
2,0,0,0,1,23,0,0,0,0,1,27,0,0,0,0,0,0,0,0,0,0,0,24,3,0,0,0,0,0,0,0,0,27,0,0,0,0,0,0,0,0,0,0
3,0,0,0,1,27,14,4,1,0,2,52,0,0,0,0,0,0,0,0,0,0,0,45,6,1,0,0,0,0,0,0,0,52,0,0,0,0,0,0,0,0,0,0
3,0,0,0,1,27,15,4,1,7,12,70,0,0,0,0,0,0,0,0,0,0,0,59,10,1,0,0,0,0,0,0,0,70,0,0,0,0,0,0,0,0,0,0
4,0,0,0,3,40,15,4,3,7,13,89,0,0,0,0,0,0,0,0,0,0,0,74,13,1,0,0,1,0,0,0,0,89,0,0,0,0,0,0,0,0,0,0
7,0,0,0,3,42,15,4,4,7,13,95,0,0,0,0,0,0,0,0,0,0,0,76,14,1,3,0,1,0,0,0,0,95,0,0,0,0,0,0,0,0,0,0
8,0,29,19,3,44,51,4,4,7,21,190,0,0,0,0,0,0,0,0,0,0,0,165,19,1,4,0,1,0,0,0,0,190,0,0,0,0,0,0,0,0,0,0
10,0,29,21,7,47,52,4,4,7,21,202,0,0,0,0,0,0,0,0,0,0,0,174,22,1,4,0,1,0,0,0,0,202,0,0,0,0,0,0,0,0,0,0
13,0,33,25,43,49,56,5,4,7,21,256,0,0,0,0,0,0,0,0,0,0,0,225,23,1,5,1,1,0,0,0,0,256,0,0,0,0,0,0,0,0,0,0
22,0,34,28,73,49,56,5,4,7,21,299,0,0,0,0,0,0,0,0,0,0,0,264,23,2,7,2,1,0,0,0,0,299,0,0,0,0,0,0,0,0,0,0
25,0,35,28,76,53,58,6,4,7,21,313,0,0,0,0,0,0,0,0,0,0,0,274,24,4,7,3,1,0,0,0,0,313,0,0,0,0,0,0,0,0,0,0
28,0,37,29,76,54,58,6,4,7,21,320,0,0,0,0,0,0,0,0,0,0,0,277,25,7,7,3,1,0,0,0,0,320,0,0,0,0,0,0,0,0,0,0
32,0,41,29,76,54,58,6,4,7,21,328,0,0,0,0,0,0,0,0,0,0,0,281,25,8,10,3,1,0,0,0,0,328,0,0,0,0,0,0,0,0,0,0
35,0,42,29,77,54,58,6,4,7,21,333,0,0,0,0,0,0,0,0,0,0,0,282,26,10,11,3,1,0,0,0,0,333,0,0,0,0,0,0,0,0,0,0
39,0,47,31,79,55,58,6,4,7,21,347,0,0,0,0,0,0,0,0,0,0,0,292,26,14,11,3,1,0,0,0,0,347,0,0,0,0,0,0,0,0,0,0
43,0,47,31,85,55,58,6,4,7,21,357,0,0,0,0,0,0,0,0,0,0,0,298,26,18,11,3,1,0,0,0,0,357,0,0,0,0,0,0,0,0,0,0
47,0,50,34,85,55,58,6,4,7,21,367,0,0,0,0,0,0,0,0,0,0,0,304,26,20,13,3,1,0,0,0,0,367,0,0,0,0,0,0,0,0,0,0
51,0,52,35,85,55,58,6,4,7,21,374,0,0,0,0,0,0,0,0,0,0,0,307,26,24,13,3,1,0,0,0,0,374,0,0,0,0,0,0,0,0,0,0
52,0,52,35,85,55,64,8,4,7,21,383,0,0,0,0,0,0,0,0,0,0,0,315,26,25,13,3,1,0,0,0,0,383,0,0,0,0,0,0,0,0,0,0
56,0,55,42,87,56,65,8,4,7,21,401,0,0,0,0,0,0,0,0,0,0,0,329,26,28,14,3,1,0,0,0,0,401,0,0,0,0,0,0,0,0,0,0
61,0,68,55,95,66,68,9,4,7,22,455,0,0,0,0,0,0,0,0,0,0,0,377,27,30,17,3,1,0,0,0,0,455,0,0,0,0,0,0,0,0,0,0
64,0,70,59,97,68,70,9,4,7,22,470,0,0,0,0,0,0,0,0,0,0,0,387,29,31,19,3,1,0,0,0,0,470,0,0,0,0,0,0,0,0,0,0
67,0,73,65,100,70,73,12,4,7,22,493,0,0,0,0,0,0,0,0,0,0,0,403,33,34,19,3,1,0,0,0,0,493,0,0,0,0,0,0,0,0,0,0
72,0,79,68,101,72,74,12,4,8,22,512,0,0,0,0,0,0,0,0,0,0,0,417,34,36,21,3,1,0,0,0,0,512,0,0,0,0,0,0,0,0,0,0
76,0,81,70,103,74,74,12,4,8,22,524,0,0,0,0,0,0,0,0,0,0,0,425,34,37,24,3,1,0,0,0,0,524,0,0,0,0,0,0,0,0,0,0
84,0,89,79,110,79,75,15,31,8,28,598,0,0,0,0,0,0,0,0,0,0,0,494,35,37,28,3,1,0,0,0,0,598,0,0,0,0,0,0,0,0,0,0
88,0,90,80,111,93,94,19,31,8,28,642,0,0,0,0,0,0,0,0,0,0,0,534,35,37,31,4,1,0,0,0,0,642,0,0,0,0,0,0,0,0,0,0
93,0,97,90,126,106,97,20,31,8,28,696,0,0,0,0,0,0,0,0,0,0,0,578,40,40,32,5,1,0,0,0,0,696,0,0,0,0,0,0,0,0,0,0
96,0,120,167,137,116,101,23,33,8,28,829,0,0,0,0,0,0,0,0,0,0,0,704,44,42,33,5,1,0,0,0,0,829,0,0,0,0,0,0,0,0,0,0
100,0,124,167,137,116,101,23,33,8,28,837,0,0,0,0,0,0,0,0,0,0,0,708,44,46,33,5,1,0,0,0,0,837,0,0,0,0,0,0,0,0,0,0
104,0,124,167,137,116,101,23,33,8,28,841,0,0,0,0,0,0,0,0,0,0,0,708,44,47,36,5,1,0,0,0,0,841,0,0,0,0,0,0,0,0,0,0
108,0,131,174,141,117,102,23,33,8,28,865,0,0,0,0,0,0,0,0,0,0,0,728,44,47,40,5,1,0,0,0,0,865,0,0,0,0,0,0,0,0,0,0
115,0,133,176,144,121,105,23,33,8,28,886,0,0,0,0,0,0,0,0,0,0,0,741,45,49,45,5,1,0,0,0,0,886,0,0,0,0,0,0,0,0,0,0
121,0,205,182,147,124,108,24,34,9,35,989,0,0,0,0,0,0,0,0,0,0,0,835,48,51,49,5,1,0,0,0,0,989,0,0,0,0,0,0,0,0,0,0
146,0,227,209,162,137,116,30,39,10,51,1127,0,0,0,0,0,0,0,0,0,0,0,956,54,59,52,5,1,0,0,0,0,1127,0,0,0,0,0,0,0,0,0,0
152,0,240,221,168,141,119,34,40,11,51,1177,0,0,0,0,0,0,0,0,0,0,0,998,56,65,52,5,1,0,0,0,0,1177,0,0,0,0,0,0,0,0,0,0
156,0,240,221,168,141,119,34,40,11,51,1181,0,0,0,0,0,0,0,0,0,0,0,998,56,68,53,5,1,0,0,0,0,1181,0,0,0,0,0,0,0,0,0,0
160,0,241,221,168,141,119,34,40,11,51,1186,0,0,0,0,0,0,0,0,0,0,0,999,56,72,53,5,1,0,0,0,0,1186,0,0,0,0,0,0,0,0,0,0
161,0,243,223,172,144,120,35,41,13,57,1209,0,0,0,0,0,0,0,0,0,0,0,1019,58,73,53,5,1,0,0,0,0,1209,0,0,0,0,0,0,0,0,0,0
168,0,265,242,186,154,130,44,46,16,60,1311,0,0,0,0,0,0,0,0,0,0,0,1113,61,77,54,5,1,0,0,0,0,1311,0,0,0,0,0,0,0,0,0,0
189,0,282,267,210,175,143,53,51,20,77,1467,0,0,0,0,0,0,0,0,0,0,0,1241,74,87,59,5,1,0,0,0,0,1467,0,0,0,0,0,0,0,0,0,0
195,0,288,271,212,178,145,54,51,20,77,1491,0,0,0,0,0,0,0,0,0,0,0,1256,78,91,60,5,1,0,0,0,0,1491,0,0,0,0,0,0,0,0,0,0
201,0,299,281,220,183,148,57,52,20,79,1540,0,0,0,0,0,0,0,0,0,0,0,1299,81,92,62,5,1,0,0,0,0,1540,0,0,0,0,0,0,0,0,0,0
204,0,305,289,223,185,149,58,52,20,79,1564,0,0,0,0,0,0,0,0,0,0,0,1319,82,95,62,5,1,0,0,0,0,1564,0,0,0,0,0,0,0,0,0,0
207,0,305,289,223,185,149,59,52,22,82,1573,0,0,0,0,0,0,0,0,0,0,0,1324,83,97,63,5,1,0,0,0,0,1573,0,0,0,0,0,0,0,0,0,0
210,0,308,292,226,187,151,61,54,24,82,1595,0,0,0,0,0,0,0,0,0,0,0,1343,83,100,63,5,1,0,0,0,0,1595,0,0,0,0,0,0,0,0,0,0
216,0,322,304,236,200,154,62,55,24,83,1656,0,0,0,0,0,0,0,0,0,0,0,1393,88,103,66,5,1,0,0,0,0,1656,0,0,0,0,0,0,0,0,0,0
217,0,324,305,238,200,154,62,55,24,83,1662,0,0,0,0,0,0,0,0,0,0,0,1398,88,103,66,6,1,0,0,0,0,1662,0,0,0,0,0,0,0,0,0,0
221,0,335,317,244,206,155,62,55,24,83,1702,0,0,0,0,0,0,0,0,0,0,0,1432,92,105,66,6,1,0,0,0,0,1702,0,0,0,0,0,0,0,0,0,0
225,0,346,326,249,209,157,63,56,24,83,1738,0,0,0,0,0,0,0,0,0,0,0,1463,93,106,69,6,1,0,0,0,0,1738,0,0,0,0,0,0,0,0,0,0
239,0,360,339,260,222,165,66,59,28,90,1828,0,0,0,0,0,0,0,0,0,0,0,1530,101,117,72,7,1,0,0,0,0,1828,0,0,0,0,0,0,0,0,0,0
243,0,363,341,261,223,165,66,59,28,90,1839,0,0,0,0,0,0,0,0,0,0,0,1535,102,122,72,7,1,0,0,0,0,1839,0,0,0,0,0,0,0,0,0,0
247,0,363,341,261,223,165,66,60,29,90,1845,0,0,0,0,0,0,0,0,0,0,0,1537,102,123,74,8,1,0,0,0,0,1845,0,0,0,0,0,0,0,0,0,0
250,0,368,345,265,226,166,66,60,29,90,1865,0,0,0,0,0,0,0,0,0,0,0,1553,102,124,75,9,2,0,0,0,0,1865,0,0,0,0,0,0,0,0,0,0
254,0,378,351,271,231,169,67,61,29,93,1904,0,0,0,0,0,0,0,0,0,0,0,1587,103,126,77,9,2,0,0,0,0,1904,0,0,0,0,0,0,0,0,0,0
307,0,402,371,289,248,180,74,67,33,95,2066,0,0,0,0,0,0,0,0,0,0,0,1734,108,135,78,9,2,0,0,0,0,2066,0,0,0,0,0,0,0,0,0,0
310,0,403,372,291,250,182,74,67,33,95,2077,0,0,0,0,0,0,0,0,0,0,0,1741,109,137,79,9,2,0,0,0,0,2077,0,0,0,0,0,0,0,0,0,0
315,0,417,388,309,262,188,79,74,36,110,2178,0,0,0,0,0,0,0,0,0,0,0,1832,114,142,79,9,2,0,0,0,0,2178,0,0,0,0,0,0,0,0,0,0
318,0,423,396,316,266,192,82,75,36,110,2214,0,0,0,0,0,0,0,0,0,0,0,1863,116,145,79,9,2,0,0,0,0,2214,0,0,0,0,0,0,0,0,0,0
320,0,439,410,327,277,201,85,77,37,115,2288,0,0,0,0,0,0,0,0,0,0,0,1934,117,146,80,9,2,0,0,0,0,2288,0,0,0,0,0,0,0,0,0,0
359,0,465,431,344,292,207,89,81,41,132,2441,0,0,0,0,0,0,0,0,0,0,0,2065,129,156,80,9,2,0,0,0,0,2441,0,0,0,0,0,0,0,0,0,0
368,0,470,438,350,296,211,89,81,41,132,2476,0,0,0,0,0,0,0,0,0,0,0,2091,131,161,82,9,2,0,0,0,0,2476,0,0,0,0,0,0,0,0,0,0
377,0,481,452,361,298,215,92,82,42,136,2536,0,0,0,0,0,0,0,0,0,0,0,2139,134,166,86,9,2,0,0,0,0,2536,0,0,0,0,0,0,0,0,0,0
388,0,499,466,378,318,226,121,92,46,143,2677,0,0,0,0,0,0,0,0,0,0,0,2269,140,169,88,9,2,0,0,0,0,2677,0,0,0,0,0,0,0,0,0,0
395,0,512,482,387,324,228,121,92,46,144,2731,0,0,0,0,0,0,0,0,0,0,0,2319,140,171,89,10,2,0,0,0,0,2731,0,0,0,0,0,0,0,0,0,0
403,0,535,506,405,340,240,126,95,48,160,2858,0,0,0,0,0,0,0,0,0,0,0,2438,144,173,91,10,2,0,0,0,0,2858,0,0,0,0,0,0,0,0,0,0
407,0,535,506,405,340,240,126,95,48,160,2862,0,0,0,0,0,0,0,0,0,0,0,2438,144,175,93,10,2,0,0,0,0,2862,0,0,0,0,0,0,0,0,0,0
515,0,559,532,423,353,251,132,100,52,186,3103,0,0,0,0,0,0,0,0,0,0,0,2656,153,186,96,10,2,0,0,0,0,3103,0,0,0,0,0,0,0,0,0,0
525,0,581,555,441,365,258,141,104,53,190,3213,0,0,0,0,0,0,0,0,0,0,0,2756,156,191,98,10,2,0,0,0,0,3213,0,0,0,0,0,0,0,0,0,0
535,0,591,565,451,373,263,144,108,58,196,3284,0,0,0,0,0,0,0,0,0,0,0,2813,160,199,100,10,2,0,0,0,0,3284,0,0,0,0,0,0,0,0,0,0
541,0,608,584,467,388,271,152,112,63,206,3392,0,0,0,0,0,0,0,0,0,0,0,2912,165,201,102,10,2,0,0,0,0,3392,0,0,0,0,0,0,0,0,0,0
544,0,612,588,471,390,273,154,113,63,206,3414,0,0,0,0,0,0,0,0,0,0,0,2931,166,202,103,10,2,0,0,0,0,3414,0,0,0,0,0,0,0,0,0,0
556,0,630,604,484,401,282,158,114,63,207,3499,0,0,0,0,0,0,0,0,0,0,0,3002,170,208,107,10,2,0,0,0,0,3499,0,0,0,0,0,0,0,0,0,0
571,0,639,615,495,407,289,162,118,67,213,3576,0,0,0,0,0,0,0,0,0,0,0,3066,174,212,112,10,2,0,0,0,0,3576,0,0,0,0,0,0,0,0,0,0
575,0,650,625,505,414,293,166,119,67,213,3627,0,0,0,0,0,0,0,0,0,0,0,3113,174,212,115,11,2,0,0,0,0,3627,0,0,0,0,0,0,0,0,0,0
579,0,668,642,520,421,301,170,122,68,217,3708,0,0,0,0,0,0,0,0,0,0,0,3190,174,213,116,13,2,0,0,0,0,3708,0,0,0,0,0,0,0,0,0,0
583,0,670,643,522,423,302,170,122,68,217,3720,0,0,0,0,0,0,0,0,0,0,0,3198,175,214,117,14,2,0,0,0,0,3720,0,0,0,0,0,0,0,0,0,0
588,0,674,646,524,423,303,175,122,68,219,3742,0,0,0,0,0,0,0,0,0,0,0,3214,178,217,117,14,2,0,0,0,0,3742,0,0,0,0,0,0,0,0,0,0
590,0,677,648,525,424,303,176,123,68,220,3754,0,0,0,0,0,0,0,0,0,0,0,3223,179,218,118,14,2,0,0,0,0,3754,0,0,0,0,0,0,0,0,0,0
640,0,698,669,553,444,314,186,131,74,241,3950,0,0,0,0,0,0,0,0,0,0,0,3389,193,230,122,14,2,0,0,0,0,3950,0,0,0,0,0,0,0,0,0,0
652,0,721,689,570,459,328,193,132,77,254,4075,0,0,0,0,0,0,0,0,0,0,0,3500,197,240,122,14,2,0,0,0,0,4075,0,0,0,0,0,0,0,0,0,0
669,0,744,709,592,477,342,203,137,83,284,4240,0,0,0,0,0,0,0,0,0,0,0,3635,212,252,125,14,2,0,0,0,0,4240,0,0,0,0,0,0,0,0,0,0
679,0,758,725,601,482,345,207,141,84,288,4310,0,0,0,0,0,0,0,0,0,0,0,3695,215,256,128,14,2,0,0,0,0,4310,0,0,0,0,0,0,0,0,0,0
685,0,763,733,611,487,350,210,143,86,288,4356,0,0,0,0,0,0,0,0,0,0,0,3732,218,261,129,14,2,0,0,0,0,4356,0,0,0,0,0,0,0,0,0,0
693,0,786,755,625,500,357,212,145,87,303,4463,0,0,0,0,0,0,0,0,0,0,0,3828,223,265,131,14,2,0,0,0,0,4463,0,0,0,0,0,0,0,0,0,0
698,0,798,766,631,504,361,214,145,87,304,4508,0,0,0,0,0,0,0,0,0,0,0,3864,227,268,133,14,2,0,0,0,0,4508,0,0,0,0,0,0,0,0,0,0
702,0,799,767,632,506,361,214,145,87,304,4517,0,0,0,0,0,0,0,0,0,0,0,3870,228,269,134,14,2,0,0,0,0,4517,0,0,0,0,0,0,0,0,0,0
706,0,810,777,636,509,363,216,147,88,304,4556,0,0,0,0,0,0,0,0,0,0,0,3904,230,271,135,14,2,0,0,0,0,4556,0,0,0,0,0,0,0,0,0,0
706,0,823,788,645,516,366,218,148,89,307,4606,0,0,0,0,0,0,0,0,0,0,0,3950,234,271,135,14,2,0,0,0,0,4606,0,0,0,0,0,0,0,0,0,0
709,0,823,788,646,517,366,218,148,89,308,4612,0,0,0,0,0,0,0,0,0,0,0,3953,234,272,137,14,2,0,0,0,0,4612,0,0,0,0,0,0,0,0,0,0
712,0,828,794,652,521,368,219,148,89,309,4640,0,0,0,0,0,0,0,0,0,0,0,3977,235,273,138,15,2,0,0,0,0,4640,0,0,0,0,0,0,0,0,0,0
727,0,849,817,670,530,377,224,153,93,326,4766,0,0,0,0,0,0,0,0,0,0,0,4079,245,281,143,16,2,0,0,0,0,4766,0,0,0,0,0,0,0,0,0,0
740,0,862,831,689,543,382,226,153,93,335,4854,0,0,0,0,0,0,0,0,0,0,0,4147,254,288,147,16,2,0,0,0,0,4854,0,0,0,0,0,0,0,0,0,0
743,0,874,845,700,547,387,229,153,93,335,4906,0,0,0,0,0,0,0,0,0,0,0,4194,256,289,148,17,2,0,0,0,0,4906,0,0,0,0,0,0,0,0,0,0
751,0,881,849,707,551,389,233,155,93,335,4944,0,0,0,0,0,0,0,0,0,0,0,4221,259,294,149,19,2,0,0,0,0,4944,0,0,0,0,0,0,0,0,0,0
758,0,906,874,730,568,395,236,158,94,339,5058,0,0,0,0,0,0,0,0,0,0,0,4327,261,295,153,20,2,0,0,0,0,5058,0,0,0,0,0,0,0,0,0,0
769,0,927,897,748,585,402,240,170,97,385,5220,0,0,0,0,0,0,0,0,0,0,0,4472,270,301,154,21,2,0,0,0,0,5220,0,0,0,0,0,0,0,0,0,0
785,0,935,909,761,594,410,250,176,99,400,5319,0,0,0,0,0,0,0,0,0,0,0,4551,278,309,158,21,2,0,0,0,0,5319,0,0,0,0,0,0,0,0,0,0
792,0,946,920,772,609,416,255,181,100,406,5397,0,0,0,0,0,0,0,0,0,0,0,4616,284,314,160,21,2,0,0,0,0,5397,0,0,0,0,0,0,0,0,0,0
857,0,968,948,799,625,429,262,184,103,425,5600,0,0,0,0,0,0,0,0,0,0,0,4794,297,323,163,21,2,0,0,0,0,5600,0,0,0,0,0,0,0,0,0,0
874,0,994,972,812,637,441,272,192,110,445,5749,0,0,0,0,0,0,0,0,0,0,0,4928,304,329,165,21,2,0,0,0,0,5749,0,0,0,0,0,0,0,0,0,0
9,0,0,0,0,0,0,0,0,0,0,3,0,0,6,0,0,0,0,0,0,0,3,6,0,0,0,0,0,0,0,0,0,9,0,0,0,0,0,0,0,0,0,0
75,0,0,0,0,0,0,0,0,0,0,3,0,60,12,0,0,0,0,0,0,0,4,68,2,1,0,0,0,0,0,0,0,75,0,0,0,0,0,0,0,0,0,0
79,0,0,0,0,0,0,0,0,0,0,4,0,62,13,0,0,0,0,0,0,0,7,68,3,1,0,0,0,0,0,0,0,79,0,0,0,0,0,0,0,0,0,0
219,0,0,0,0,0,0,0,0,0,0,4,0,135,80,0,0,0,0,0,0,0,8,204,3,4,0,0,0,0,0,0,0,219,0,0,0,0,0,0,0,0,0,0
230,0,0,0,0,0,0,0,0,0,0,6,0,137,87,0,0,0,0,0,0,0,11,211,3,5,0,0,0,0,0,0,0,230,0,0,0,0,0,0,0,0,0,0
340,0,0,0,0,0,0,0,0,0,0,8,0,190,129,13,0,0,0,0,0,0,12,317,3,7,1,0,0,0,0,0,0,340,0,0,0,0,0,0,0,0,0,0
355,0,0,0,0,0,0,0,0,0,0,8,0,197,137,13,0,0,0,0,0,0,12,328,3,10,2,0,0,0,0,0,0,355,0,0,0,0,0,0,0,0,0,0
384,0,0,0,0,0,0,0,0,0,0,8,0,216,147,13,0,0,0,0,0,0,12,353,3,14,2,0,0,0,0,0,0,384,0,0,0,0,0,0,0,0,0,0
421,0,0,0,0,0,0,0,0,0,0,9,0,219,180,13,0,0,0,0,0,0,12,386,3,16,4,0,0,0,0,0,0,421,0,0,0,0,0,0,0,0,0,0
486,0,0,0,0,0,0,0,0,0,0,9,0,234,230,13,0,0,0,0,0,0,12,447,3,19,5,0,0,0,0,0,0,486,0,0,0,0,0,0,0,0,0,0
494,0,0,0,0,0,0,0,0,0,0,9,0,239,233,13,0,0,0,0,0,0,12,451,3,23,5,0,0,0,0,0,0,494,0,0,0,0,0,0,0,0,0,0
498,0,0,0,0,0,0,0,0,0,0,10,0,242,233,13,0,0,0,0,0,0,15,451,3,24,5,0,0,0,0,0,0,498,0,0,0,0,0,0,0,0,0,0
524,0,0,0,0,0,0,0,0,0,0,11,0,259,241,13,0,0,0,0,0,0,19,473,3,24,5,0,0,0,0,0,0,524,0,0,0,0,0,0,0,0,0,0
592,0,0,0,0,0,0,0,0,0,0,11,0,288,248,45,0,0,0,0,0,0,20,537,3,24,6,2,0,0,0,0,0,592,0,0,0,0,0,0,0,0,0,0
602,0,0,0,0,0,0,0,0,0,0,12,0,291,254,45,0,0,0,0,0,0,23,543,3,24,6,3,0,0,0,0,0,602,0,0,0,0,0,0,0,0,0,0
610,0,0,0,0,0,0,0,0,0,0,13,0,294,258,45,0,0,0,0,0,0,27,547,3,24,6,3,0,0,0,0,0,610,0,0,0,0,0,0,0,0,0,0
688,0,0,7,27,0,0,0,0,0,0,16,0,313,347,46,0,0,0,0,0,0,28,655,3,24,6,4,2,0,0,0,0,701,0,0,0,0,0,1,1,1,2,16
692,0,0,7,27,0,0,0,0,0,0,20,0,313,347,46,0,0,0,0,0,0,31,655,3,24,6,5,2,0,0,0,0,705,0,0,0,0,0,1,1,1,2,16
697,0,0,7,27,0,0,0,0,0,0,24,0,313,348,46,0,0,0,0,0,0,35,656,3,24,6,5,2,0,0,0,0,710,0,0,0,0,0,1,1,1,2,16
765,0,0,7,27,0,0,0,0,0,0,25,0,377,351,46,0,0,0,0,0,0,36,720,3,27,6,5,2,0,0,0,0,778,0,0,0,0,0,1,1,1,2,16
805,0,0,7,27,0,0,0,0,0,0,25,0,393,360,61,0,0,0,0,0,0,36,756,3,31,6,5,2,0,0,0,0,818,0,0,0,0,0,1,1,1,2,16
826,0,0,7,27,0,0,0,0,0,0,28,0,394,377,61,0,0,0,0,0,0,36,773,3,35,6,5,2,0,0,0,0,839,0,0,0,0,0,1,1,1,2,16
832,0,0,7,27,0,0,0,0,0,0,30,0,396,379,61,0,0,0,0,0,0,39,775,3,36,6,5,2,0,0,0,0,845,0,0,0,0,0,1,1,1,2,16
850,0,0,7,27,0,0,0,0,0,0,30,0,404,389,61,0,0,0,0,0,0,40,789,3,39,6,5,2,0,0,0,0,863,0,0,0,0,0,1,1,1,2,16
864,0,0,7,27,0,0,0,0,0,0,33,0,405,399,61,0,0,0,0,0,0,43,799,3,40,6,5,2,0,0,0,0,877,0,0,0,0,0,1,1,1,2,16
871,0,0,7,27,0,0,0,0,0,0,37,0,405,402,61,0,0,0,0,0,0,47,802,3,40,6,5,2,0,0,0,0,884,0,0,0,0,0,1,1,1,2,16
963,0,0,7,27,0,0,0,0,0,0,39,0,480,417,61,0,0,0,0,0,0,51,890,3,40,6,5,2,0,0,0,0,976,0,0,0,0,0,1,1,1,2,16
977,0,0,7,27,0,0,0,0,0,0,42,0,481,427,61,0,0,0,0,0,0,55,900,3,40,6,5,2,0,0,0,0,990,0,0,0,0,0,1,1,1,2,16
1036,0,0,7,27,0,0,0,0,0,0,43,0,504,462,61,0,0,0,0,0,0,56,955,3,40,9,5,2,0,0,0,0,1049,0,0,0,0,0,1,1,1,2,16
1046,0,0,7,27,0,0,0,0,0,0,43,0,509,467,61,0,0,0,0,0,0,56,961,3,43,10,5,2,0,0,0,0,1059,0,0,0,0,0,1,1,1,2,16
1089,0,0,7,27,0,0,0,0,0,0,43,0,516,503,61,0,0,0,0,0,0,56,1000,3,47,10,5,2,0,0,0,0,1102,0,0,0,0,0,1,1,1,2,16
1159,0,0,7,27,0,0,0,0,0,0,43,0,566,523,61,0,0,0,0,0,0,56,1066,3,48,10,8,2,0,0,0,0,1172,0,0,0,0,0,1,1,1,2,16
1186,0,0,7,27,0,0,0,0,0,0,43,0,582,534,61,0,0,0,0,0,0,56,1089,3,51,10,9,2,0,0,0,0,1199,0,0,0,0,0,1,1,1,2,16
1229,0,0,7,27,0,0,0,0,0,0,46,0,583,573,61,0,0,0,0,0,0,56,1128,3,55,10,9,2,0,0,0,0,1242,0,0,0,0,0,1,1,1,2,16
1233,0,0,7,27,0,0,0,0,0,0,50,0,583,573,61,0,0,0,0,0,0,59,1128,3,56,10,9,2,0,0,0,0,1246,0,0,0,0,0,1,1,1,2,16
1237,0,0,7,27,0,0,0,0,0,0,54,0,583,573,61,0,0,0,0,0,0,60,1128,3,56,10,12,2,0,0,0,0,1250,0,0,0,0,0,1,1,1,2,16
1251,0,0,7,27,0,0,0,0,0,0,58,0,583,583,61,0,0,0,0,0,0,63,1138,3,56,10,13,2,0,0,0,0,1264,0,0,0,0,0,1,1,1,2,16
1257,0,0,7,27,0,0,0,0,0,0,62,0,583,583,63,0,0,0,0,0,0,64,1140,3,59,10,13,2,0,0,0,0,1270,0,0,0,0,0,1,1,1,2,16
1279,0,0,7,27,0,0,0,0,0,0,66,0,583,601,63,0,0,0,0,0,0,67,1158,3,60,10,13,2,0,0,0,0,1292,0,0,0,0,0,1,1,1,2,16
1283,0,0,7,27,0,0,0,0,0,0,70,0,583,601,63,0,0,0,0,0,0,71,1158,3,60,10,13,2,0,0,0,0,1296,0,0,0,0,0,1,1,1,2,16
1307,0,0,7,27,0,0,0,0,0,0,72,0,590,616,63,0,0,0,0,0,0,75,1178,3,60,10,13,2,0,0,0,0,1320,0,0,0,0,0,1,1,1,2,16
1318,0,0,7,27,0,0,0,0,0,0,75,0,591,623,63,0,0,0,0,0,0,76,1185,3,60,13,13,2,0,0,0,0,1331,0,0,0,0,0,1,1,1,2,16
1328,0,0,7,27,0,0,0,0,0,0,79,0,592,628,63,0,0,0,0,0,0,79,1191,3,60,14,13,2,0,0,0,0,1341,0,0,0,0,0,1,1,1,2,16
1336,0,0,7,27,0,0,0,0,0,0,82,0,593,632,63,0,0,0,0,0,0,83,1195,3,60,14,13,2,0,0,0,0,1349,0,0,0,0,0,1,1,1,2,16
1346,0,0,7,27,0,0,0,0,0,0,82,0,603,632,63,0,0,0,0,0,0,84,1201,3,63,14,13,2,0,0,0,0,1359,0,0,0,0,0,1,1,1,2,16
1352,0,0,7,27,0,0,0,0,0,0,82,0,608,633,63,0,0,0,0,0,0,84,1203,3,67,14,13,2,0,0,0,0,1365,0,0,0,0,0,1,1,1,2,16
1404,0,0,7,27,0,0,0,0,0,0,84,0,623,658,73,0,0,0,0,0,0,84,1251,4,69,15,13,2,0,0,0,0,1417,0,0,0,0,0,1,1,1,2,16
1453,0,0,7,27,0,0,0,0,0,0,84,0,646,684,73,0,0,0,0,0,0,84,1296,4,72,16,13,2,0,0,0,0,1466,0,0,0,0,0,1,1,1,2,16
1457,0,0,7,27,0,0,0,0,0,0,87,0,647,684,73,0,0,0,0,0,0,87,1296,4,73,16,13,2,0,0,0,0,1470,0,0,0,0,0,1,1,1,2,16
1491,0,0,7,27,0,0,0,0,0,0,88,0,667,697,73,0,0,0,0,0,0,88,1326,4,76,16,13,2,0,0,0,0,1504,0,0,0,0,0,1,1,1,2,16
1520,0,0,7,27,0,0,0,0,0,0,89,0,671,721,73,0,0,0,0,0,0,88,1351,4,78,18,13,2,0,0,0,0,1533,0,0,0,0,0,1,1,1,2,16
1537,0,0,7,27,0,0,0,0,0,0,93,0,671,734,73,0,0,0,0,0,0,88,1364,4,82,18,13,2,0,0,0,0,1550,0,0,0,0,0,1,1,1,2,16
1562,0,0,7,27,0,0,0,0,0,0,94,0,692,737,73,0,0,0,0,0,0,88,1385,4,86,18,13,2,0,0,0,0,1575,0,0,0,0,0,1,1,1,2,16
1641,0,0,7,27,0,0,0,0,0,0,96,0,715,791,73,0,0,0,0,0,0,91,1460,4,87,18,13,2,0,0,0,0,1654,0,0,0,0,0,1,1,1,2,16
1663,0,0,7,27,0,0,0,0,0,0,98,0,717,791,91,0,0,0,0,0,0,95,1478,4,87,18,13,2,0,0,0,0,1676,0,0,0,0,0,1,1,1,2,16
1667,0,0,7,27,0,0,0,0,0,0,101,0,718,791,91,0,0,0,0,0,0,99,1478,4,87,18,13,2,0,0,0,0,1680,0,0,0,0,0,1,1,1,2,16
1686,0,0,7,27,0,0,0,0,0,0,102,0,723,804,91,0,0,0,0,0,0,100,1493,4,90,18,13,2,0,0,0,0,1699,0,0,0,0,0,1,1,1,2,16
1745,0,0,7,27,0,0,0,0,0,0,102,0,779,807,91,0,0,0,0,0,0,100,1548,4,94,18,13,2,0,0,0,0,1758,0,0,0,0,0,1,1,1,2,16
1794,0,0,7,27,0,0,0,0,0,0,103,0,807,827,91,0,0,0,0,0,0,100,1593,4,95,18,14,4,0,0,0,0,1807,0,0,0,0,0,1,1,1,2,16
1807,0,0,7,27,0,0,0,0,0,0,103,0,817,830,91,0,0,0,0,0,0,100,1602,4,98,18,14,5,0,0,0,0,1820,0,0,0,0,0,1,1,1,2,16
1835,0,0,7,27,0,0,0,0,0,0,106,0,818,854,91,0,0,0,0,0,0,100,1626,4,99,18,17,5,0,0,0,0,1848,0,0,0,0,0,1,1,1,2,16
1872,0,0,7,27,0,0,0,0,0,0,107,0,840,868,91,0,0,0,0,0,0,100,1659,4,99,21,18,5,0,0,0,0,1885,0,0,0,0,0,1,1,1,2,16
1876,0,0,7,27,0,0,0,0,0,0,109,0,842,868,91,0,0,0,0,0,0,103,1659,4,100,21,18,5,0,0,0,0,1889,0,0,0,0,0,1,1,1,2,16
1894,0,0,7,27,0,0,0,0,0,0,112,0,843,868,105,0,0,0,0,0,0,107,1673,4,100,21,18,5,0,0,0,0,1907,0,0,0,0,0,1,1,1,2,16
1904,0,0,7,27,0,0,0,0,0,0,113,0,851,869,105,0,0,0,0,0,0,108,1679,4,103,21,18,5,0,0,0,0,1917,0,0,0,0,0,1,1,1,2,16
1950,0,0,7,27,0,0,0,0,0,0,113,0,892,874,105,0,0,0,0,0,0,108,1721,4,107,21,18,5,0,0,0,0,1963,0,0,0,0,0,1,1,1,2,16
2025,0,0,7,27,0,0,0,0,0,0,113,0,925,916,105,0,0,0,0,0,0,108,1792,5,110,21,18,5,0,0,0,0,2038,0,0,0,0,0,1,1,1,2,16
2029,0,0,7,27,0,0,0,0,0,0,116,0,926,916,105,0,0,0,0,0,0,111,1792,5,111,21,18,5,0,0,0,0,2042,0,0,0,0,0,1,1,1,2,16
2097,0,0,7,27,0,0,0,0,0,0,117,0,981,928,105,0,0,0,0,0,0,112,1856,5,114,21,18,5,0,0,0,0,2110,0,0,0,0,0,1,1,1,2,16
2244,0,0,7,27,0,0,0,0,0,0,119,0,1059,971,129,0,0,0,0,0,0,112,1999,5,117,22,18,5,0,0,0,0,2257,0,0,0,0,0,1,1,1,2,16
2265,0,0,7,27,0,0,0,0,0,0,123,0,1059,988,129,0,0,0,0,0,0,115,2016,5,118,22,18,5,0,0,0,0,2278,0,0,0,0,0,1,1,1,2,16
2293,0,0,7,27,0,0,0,0,0,0,124,0,1074,1000,129,0,0,0,0,0,0,116,2040,7,119,22,18,5,0,0,0,0,2306,0,0,0,0,0,1,1,1,2,16
2304,0,0,7,27,0,0,0,0,0,0,127,0,1074,1008,129,0,0,0,0,0,0,119,2047,8,119,22,18,5,0,0,0,0,2317,0,0,0,0,0,1,1,1,2,16
2314,0,0,7,27,0,0,0,0,0,0,128,0,1076,1013,131,0,0,0,0,0,0,120,2053,10,120,22,18,5,0,0,0,0,2327,0,0,0,0,0,1,1,1,2,16
2345,0,0,7,27,0,0,0,0,0,0,129,0,1078,1039,133,0,0,0,0,0,0,120,2081,12,121,22,18,5,0,0,0,0,2358,0,0,0,0,0,1,1,1,2,16
2353,0,0,7,27,0,0,0,0,0,0,132,0,1079,1043,133,0,0,0,0,0,0,120,2085,13,124,22,18,5,0,0,0,0,2366,0,0,0,0,0,1,1,1,2,16
2376,0,0,7,27,0,0,0,0,0,0,133,0,1101,1043,133,0,0,0,0,0,0,120,2104,13,128,22,18,5,0,0,0,0,2389,0,0,0,0,0,1,1,1,2,16
2450,0,0,7,27,0,0,0,0,0,0,133,0,1138,1080,133,0,0,0,0,0,0,120,2174,16,129,22,18,5,0,0,0,0,2463,0,0,0,0,0,1,1,1,2,16
2570,0,0,7,27,0,0,0,0,0,11,133,0,1248,1099,135,0,0,0,0,0,0,120,2299,20,131,22,18,5,0,0,0,0,2583,0,0,0,0,0,1,1,1,2,27
2594,0,0,7,27,0,0,0,0,0,12,134,0,1252,1118,136,0,0,0,0,0,0,123,2320,21,131,22,18,5,0,0,0,0,2607,0,0,0,0,0,1,1,1,2,28
2659,0,0,7,27,0,0,0,0,0,12,134,0,1279,1156,136,0,0,0,0,0,0,127,2380,22,131,22,18,5,0,0,0,0,2672,0,0,0,0,0,1,1,1,2,28
2733,0,0,7,27,0,0,0,0,0,12,134,0,1292,1202,151,0,0,0,0,0,0,127,2450,22,135,22,18,5,0,0,0,0,2746,0,0,0,0,0,1,1,1,2,28
2741,0,0,7,27,0,0,0,0,0,12,137,0,1293,1206,151,0,0,0,0,0,0,130,2454,22,136,22,18,5,0,0,0,0,2754,0,0,0,0,0,1,1,1,2,28
2807,0,0,7,27,0,0,0,0,0,12,139,0,1293,1270,151,0,0,0,0,0,0,131,2516,24,137,22,18,5,0,0,0,0,2820,0,0,0,0,0,1,1,1,2,28
2827,0,0,7,27,0,0,0,0,0,12,142,0,1293,1287,151,0,0,0,0,0,0,134,2532,25,137,22,18,5,0,0,0,0,2840,0,0,0,0,0,1,1,1,2,28
2940,0,0,7,27,0,0,0,0,0,12,145,0,1324,1361,151,0,0,0,2,3,0,135,2641,26,138,23,18,5,0,0,0,0,2905,0,3,5,3,4,6,9,9,8,34
3008,0,0,7,27,0,0,0,0,0,12,147,0,1351,1399,151,0,0,0,3,3,0,138,2705,27,138,23,18,5,0,0,0,0,2972,0,3,5,3,4,6,10,9,8,34
3027,0,0,7,27,0,0,0,0,0,12,150,0,1352,1414,151,0,0,0,3,3,0,142,2720,27,138,23,18,5,0,0,0,0,2991,0,3,5,3,4,6,10,9,8,34
3032,0,0,7,27,0,0,0,0,0,12,154,0,1352,1415,151,0,0,0,3,3,0,143,2721,27,141,23,18,5,0,0,0,0,2996,0,3,5,3,4,6,10,9,8,34
3058,0,0,7,27,0,0,0,0,0,12,158,0,1352,1437,151,0,0,0,3,3,0,146,2743,27,142,23,18,5,0,0,0,0,3022,0,3,5,3,4,6,10,9,8,34
3067,0,0,7,27,0,0,0,0,0,12,162,0,1352,1442,151,0,0,0,3,3,0,150,2748,27,142,23,18,5,0,0,0,0,3031,0,3,5,3,4,6,10,9,8,34
3073,0,0,7,27,0,0,0,0,0,12,164,0,1354,1444,151,0,0,0,3,3,0,154,2750,27,142,23,18,5,0,0,0,0,3037,0,3,5,3,4,6,10,9,8,34
3088,0,0,7,27,0,0,0,0,0,12,164,0,1367,1446,151,0,0,0,3,3,0,155,2761,29,143,23,18,5,0,0,0,0,3052,0,3,5,3,4,6,10,9,8,34
3132,0,0,7,27,0,0,0,0,0,12,167,0,1399,1455,151,0,0,0,3,3,0,155,2799,31,144,23,21,5,0,0,0,0,3096,0,3,5,3,4,6,10,9,8,34
3153,0,0,7,27,0,0,0,0,0,12,171,0,1413,1458,151,0,0,0,3,3,0,158,2816,31,144,23,22,5,0,0,0,0,3117,0,3,5,3,4,6,10,9,8,34
3227,0,0,7,27,0,0,0,0,0,12,174,0,1447,1495,151,0,0,0,3,3,0,162,2886,31,144,23,22,5,0,0,0,0,3191,0,3,5,3,4,6,10,9,8,34
3298,0,0,7,27,0,0,0,0,0,13,174,0,1503,1509,153,0,0,0,3,3,0,163,2947,34,148,26,22,5,0,0,0,0,3262,0,3,5,3,4,6,10,9,8,35
3322,0,0,7,27,0,0,0,0,0,13,174,0,1512,1524,153,0,0,0,3,3,0,163,2967,34,151,27,22,5,0,0,0,0,3286,0,3,5,3,4,6,10,9,8,35
3364,0,0,7,27,0,0,0,0,0,13,175,0,1528,1549,153,0,0,0,3,3,0,166,3005,34,152,27,22,5,0,0,0,0,3328,0,3,5,3,4,6,10,9,8,35
3375,0,0,7,27,0,0,0,0,0,13,176,0,1531,1556,153,0,0,0,3,3,0,170,3012,34,152,27,22,5,0,0,0,0,3339,0,3,5,3,4,6,10,9,8,35
3393,0,0,7,27,0,0,0,0,0,13,177,0,1534,1570,153,0,0,0,3,3,0,171,3026,34,153,29,22,5,0,0,0,0,3357,0,3,5,3,4,6,10,9,8,35
3428,0,0,7,27,0,0,0,0,0,13,180,0,1559,1577,153,0,0,0,3,3,0,174,3057,34,153,30,22,5,0,0,0,0,3392,0,3,5,3,4,6,10,9,8,35
3512,0,0,7,27,0,0,0,0,0,13,181,0,1604,1615,153,0,0,0,3,3,0,175,3137,34,156,30,22,5,0,0,0,0,3476,0,3,5,3,4,6,10,9,8,35
3538,0,0,7,27,0,0,0,0,0,13,184,0,1605,1637,153,0,0,0,3,3,0,178,3159,34,157,30,22,5,0,0,0,0,3502,0,3,5,3,4,6,10,9,8,35
3593,0,0,7,27,0,0,0,0,0,13,188,0,1649,1644,153,0,0,0,3,3,0,182,3210,34,157,30,22,5,0,0,0,0,3557,0,3,5,3,4,6,10,9,8,35
3638,0,0,7,27,0,0,0,0,0,13,192,0,1678,1656,153,0,0,0,3,3,0,186,3251,34,157,30,22,5,0,0,0,0,3602,0,3,5,3,4,6,10,9,8,35
3676,0,0,7,27,0,0,0,0,0,13,192,0,1695,1677,153,0,0,0,3,3,0,187,3285,34,157,33,22,5,0,0,0,0,3640,0,3,5,3,4,6,10,9,8,35
3680,0,0,7,27,0,0,0,0,0,13,194,0,1696,1678,153,0,0,0,3,3,0,187,3285,35,158,35,22,5,0,0,0,0,3644,0,3,5,3,4,6,10,9,8,35
3684,0,0,7,27,0,0,0,0,0,13,197,0,1697,1678,153,0,0,0,3,3,0,190,3286,35,158,35,22,5,0,0,0,0,3648,0,3,5,3,4,6,10,9,8,35
3696,0,0,7,27,0,0,0,0,0,13,199,0,1699,1686,153,0,0,0,3,3,0,194,3294,35,158,35,22,5,0,0,0,0,3660,0,3,5,3,4,6,10,9,8,35
3708,0,0,7,27,0,0,0,0,0,13,199,0,1702,1693,155,0,0,0,3,3,0,195,3302,37,159,35,22,5,0,0,0,0,3672,0,3,5,3,4,6,10,9,8,35
3788,0,0,7,27,0,0,0,0,0,13,200,0,1755,1718,156,0,0,0,3,3,0,195,3378,39,160,36,22,5,0,0,0,0,3752,0,3,5,3,4,6,10,9,8,35
3797,0,0,7,27,0,0,0,0,0,13,201,0,1757,1724,156,0,0,0,3,3,0,198,3383,40,160,36,22,5,0,0,0,0,3761,0,3,5,3,4,6,10,9,8,35
3825,0,0,7,27,0,0,0,0,0,13,202,0,1760,1748,156,0,0,0,3,3,0,202,3407,40,160,36,22,5,0,0,0,0,3789,0,3,5,3,4,6,10,9,8,35
3841,0,0,7,27,0,0,0,0,0,13,203,0,1761,1762,156,0,0,0,3,3,0,203,3419,42,161,36,22,5,0,0,0,0,3805,0,3,5,3,4,6,10,9,8,35
3879,0,0,7,27,0,0,0,0,0,13,203,0,1793,1768,156,0,0,0,3,3,0,203,3451,44,165,36,22,5,0,0,0,0,3843,0,3,5,3,4,6,10,9,8,35
3957,0,0,7,27,0,0,0,0,0,13,204,0,1821,1814,157,2,0,0,3,3,0,203,3523,47,168,36,22,5,0,0,0,0,3921,0,3,5,3,4,6,10,9,8,35
3962,0,0,7,27,0,0,0,0,0,13,207,0,1821,1815,157,3,0,0,3,3,0,203,3524,48,170,37,22,5,0,0,0,0,3926,0,3,5,3,4,6,10,9,8,35
4011,0,0,7,27,0,0,0,0,0,13,208,0,1841,1843,157,3,0,0,3,3,0,203,3569,49,171,39,22,5,0,0,0,0,3975,0,3,5,3,4,6,10,9,8,35
4017,0,0,7,27,0,0,0,0,0,13,212,0,1841,1845,157,3,0,0,3,3,0,206,3571,49,172,39,22,5,0,0,0,0,3981,0,3,5,3,4,6,10,9,8,35
4026,0,0,7,27,0,0,0,0,0,13,216,0,1841,1850,157,3,0,0,3,3,0,210,3576,49,172,39,22,5,0,0,0,0,3990,0,3,5,3,4,6,10,9,8,35
4064,0,0,7,27,0,0,0,0,0,13,220,0,1872,1853,157,3,0,0,3,3,0,214,3610,49,172,39,22,5,0,0,0,0,4028,0,3,5,3,4,6,10,9,8,35
4074,0,0,7,27,0,0,0,0,0,13,221,0,1880,1854,157,3,0,0,3,3,0,215,3616,49,175,39,22,5,0,0,0,0,4038,0,3,5,3,4,6,10,9,8,35
4092,0,0,7,27,0,0,0,0,0,13,222,0,1883,1868,157,3,0,0,3,3,0,218,3630,49,176,39,22,5,0,0,0,0,4056,0,3,5,3,4,6,10,9,8,35
4098,0,0,7,27,0,0,0,0,0,13,225,0,1884,1868,159,3,0,0,3,3,0,219,3632,49,177,41,22,5,0,0,0,0,4062,0,3,5,3,4,6,10,9,8,35
4113,0,0,7,27,0,0,0,0,0,13,229,0,1892,1871,159,3,0,0,3,3,0,222,3643,49,178,41,22,5,0,0,0,0,4077,0,3,5,3,4,6,10,9,8,35
4129,0,0,7,27,0,0,0,0,0,13,229,0,1905,1874,159,3,0,0,3,3,0,223,3655,51,179,41,22,5,0,0,0,0,4093,0,3,5,3,4,6,10,9,8,35
4144,0,0,7,27,0,0,0,0,0,13,231,0,1906,1886,159,3,0,0,3,3,0,226,3666,52,179,41,22,5,0,0,0,0,4108,0,3,5,3,4,6,10,9,8,35
4184,0,0,7,27,0,0,0,0,0,13,234,0,1923,1906,159,3,0,0,3,3,0,230,3702,52,179,41,22,5,0,0,0,0,4148,0,3,5,3,4,6,10,9,8,35
4227,0,0,7,27,0,0,0,0,0,13,237,0,1941,1928,159,3,0,0,3,3,0,234,3741,52,179,41,22,5,0,0,0,0,4191,0,3,5,3,4,6,10,9,8,35
4264,0,0,7,27,0,0,0,0,0,13,237,0,1956,1950,159,3,0,0,3,3,0,235,3774,52,179,41,25,5,0,0,0,0,4228,0,3,5,3,4,6,10,9,8,35
4287,0,0,7,27,0,0,0,0,0,13,240,0,1957,1969,159,3,0,0,3,3,0,238,3793,52,179,41,26,5,0,0,0,0,4251,0,3,5,3,4,6,10,9,8,35
4310,0,0,7,27,0,0,0,0,0,13,241,0,1971,1977,159,3,0,0,3,3,0,239,3812,54,180,41,26,5,0,0,0,0,4274,0,3,5,3,4,6,10,9,8,35
4428,0,0,7,27,0,0,0,0,0,13,241,0,2087,1979,159,3,0,0,3,3,0,239,3929,55,180,41,26,5,0,0,0,0,4392,0,3,5,3,4,6,10,9,8,35
4472,0,0,7,27,0,0,0,0,0,13,242,0,2091,2017,160,3,0,0,3,3,0,239,3970,56,181,42,26,5,0,0,0,0,4436,0,3,5,3,4,6,10,9,8,35
4564,0,0,7,27,0,0,0,0,0,17,244,0,2162,2037,160,3,3,0,3,3,0,239,4058,60,184,43,26,5,0,0,0,0,4511,0,3,5,3,4,6,10,9,8,56
4585,0,0,7,27,0,0,0,0,0,17,244,0,2173,2046,160,4,3,0,3,3,0,239,4076,60,187,43,26,5,0,0,0,0,4532,0,3,5,3,4,6,10,9,8,56
4743,0,0,7,27,0,6,0,0,0,17,247,0,2242,2138,160,4,3,0,3,3,0,239,4234,61,189,43,29,5,0,0,0,0,4628,0,3,5,3,5,6,11,10,9,120
4812,0,0,7,27,0,6,0,0,0,22,249,0,2260,2171,181,4,3,0,3,3,0,239,4304,61,191,44,29,6,0,0,0,0,4697,0,3,5,3,5,6,12,12,10,121
4931,0,0,7,27,0,6,0,0,0,22,254,0,2346,2199,181,4,3,0,3,3,0,239,4413,63,196,44,32,6,0,0,0,0,4816,0,3,5,3,5,6,12,12,10,121
4969,0,0,7,27,0,6,0,0,0,27,256,0,2375,2209,183,4,3,0,3,3,0,239,4449,65,198,45,34,6,0,0,0,0,4844,0,3,5,3,5,6,12,12,10,136
5050,0,0,7,27,0,6,0,0,0,27,258,0,2418,2245,183,4,3,0,3,3,0,242,4526,65,198,46,34,6,0,0,0,0,4925,0,3,5,3,5,6,12,12,10,136
5065,0,6,16,64,1,6,0,0,0,27,261,0,2436,2292,183,4,3,0,3,3,0,243,4588,66,199,46,37,6,0,0,0,0,4993,0,3,5,3,5,6,12,12,10,136
5107,0,6,16,64,1,6,0,0,0,27,265,0,2436,2330,183,4,3,0,3,3,0,246,4626,66,199,46,38,6,0,0,0,0,5035,0,3,5,3,5,6,12,12,10,136
5128,0,6,16,64,1,6,0,0,0,27,266,0,2444,2342,183,4,3,0,3,3,0,247,4643,66,202,46,38,6,0,0,0,0,5056,0,3,5,3,5,6,12,12,10,136
5140,0,6,16,64,1,6,0,0,0,27,266,0,2450,2348,183,4,3,0,3,3,0,247,4651,68,204,46,38,6,0,0,0,0,5068,0,3,5,3,5,6,12,12,10,136
5160,0,6,16,64,1,6,0,0,0,27,266,0,2469,2349,183,4,3,0,3,3,0,247,4668,68,207,46,38,6,0,0,0,0,5088,0,3,5,3,5,6,12,12,10,136
5165,0,6,16,64,1,6,0,0,0,27,269,0,2470,2350,183,4,3,0,3,3,0,250,4669,68,208,46,38,6,0,0,0,0,5093,0,3,5,3,5,6,12,12,10,136
5212,0,6,16,83,2,26,0,0,0,27,271,0,2522,2379,184,5,5,0,3,3,0,251,4747,73,211,46,38,6,0,0,0,0,5180,0,3,5,3,5,6,12,12,10,136
5312,0,6,16,83,3,32,0,0,0,27,275,0,2585,2403,188,15,7,0,3,3,0,251,4838,81,216,48,39,6,0,0,0,0,5273,0,4,8,5,6,7,12,12,11,141
5345,0,6,16,83,3,32,0,0,0,27,277,0,2613,2405,189,15,7,0,3,3,0,251,4865,82,218,50,40,6,0,0,0,0,5306,0,4,8,5,6,7,12,12,11,141
5361,0,6,16,83,3,32,0,0,0,27,281,0,2613,2417,189,15,7,0,3,3,0,254,4877,82,219,50,40,6,0,0,0,0,5322,0,4,8,5,6,7,12,12,11,141
5577,0,6,16,83,3,32,0,0,0,70,283,0,2778,2509,189,15,7,0,3,3,0,255,5127,85,224,50,40,6,0,0,0,0,5520,0,4,8,5,6,7,12,13,12,200
5612,0,6,16,83,3,32,0,0,0,70,283,0,2798,2524,189,15,7,0,3,3,0,255,5159,86,226,50,40,6,0,0,0,0,5555,0,4,8,5,6,7,12,13,12,200
5648,0,6,16,83,3,32,0,0,0,70,283,0,2816,2540,191,15,7,0,3,3,0,255,5189,89,229,50,40,6,0,0,0,0,5591,0,4,8,5,6,7,12,13,12,200
5655,0,6,16,83,3,32,0,0,0,70,286,0,2816,2544,191,15,7,0,3,3,0,258,5193,89,229,50,40,6,0,0,0,0,5598,0,4,8,5,6,7,12,13,12,200
5746,0,6,16,83,3,32,0,0,0,70,290,0,2852,2595,191,15,7,0,3,3,0,259,5278,90,231,51,41,6,0,0,0,0,5689,0,4,8,5,6,7,12,13,12,200
5754,0,6,16,83,3,32,0,0,0,70,294,0,2852,2599,191,15,7,0,3,3,0,262,5282,90,232,51,41,6,0,0,0,0,5697,0,4,8,5,6,7,12,13,12,200
5807,0,7,32,85,20,51,0,0,0,70,298,0,2919,2636,191,15,7,0,3,3,0,263,5383,92,234,52,42,6,0,0,0,0,5805,0,4,8,5,6,7,12,13,12,200
5869,0,7,32,85,20,51,0,0,0,70,301,0,2959,2655,191,15,7,0,3,3,0,266,5441,93,234,52,42,6,0,0,0,0,5867,0,4,8,5,6,7,12,13,12,200
5946,0,7,32,85,20,51,0,0,0,70,303,0,2998,2671,210,16,7,0,3,3,0,267,5510,96,238,52,42,6,0,0,0,0,5944,0,4,8,5,6,7,12,13,12,200
6012,0,7,32,85,20,51,0,0,0,70,308,0,3012,2701,227,16,7,0,3,3,0,267,5564,102,243,53,42,6,0,0,0,0,6010,0,4,8,5,6,7,12,13,12,200
6138,0,7,32,85,20,51,0,0,0,70,313,0,3052,2731,278,16,7,0,3,3,0,267,5682,104,245,57,42,6,0,0,0,0,6136,0,4,8,5,6,7,12,13,12,200
6245,0,7,32,85,20,51,0,0,0,70,320,0,3085,2771,287,34,7,0,3,3,0,267,5772,111,253,59,42,6,0,0,0,0,6213,0,5,10,11,12,10,14,16,13,206
6251,0,7,32,85,20,51,0,0,0,70,321,0,3088,2773,287,34,7,0,3,3,0,270,5774,111,254,59,42,6,0,0,0,0,6219,0,5,10,11,12,10,14,16,13,206
6316,0,7,32,85,20,51,0,0,0,70,321,0,3146,2778,289,34,7,0,3,3,0,271,5832,115,256,59,42,6,0,0,0,0,6284,0,5,10,11,12,10,14,16,13,206
6387,0,7,32,85,20,51,0,0,0,70,326,0,3154,2822,303,34,7,0,3,3,0,271,5892,118,261,60,44,6,0,0,0,0,6351,0,5,10,11,12,10,14,16,13,210
6488,0,7,32,85,20,51,0,0,0,70,328,0,3217,2855,306,34,7,0,3,3,0,271,5986,121,265,60,44,6,0,0,0,0,6452,0,5,10,11,12,10,14,16,13,210
6548,0,7,32,85,20,51,0,0,0,74,330,0,3249,2885,306,34,7,0,3,3,0,271,6044,123,267,61,45,6,0,0,0,0,6503,0,5,10,11,12,10,14,16,13,223
6561,0,7,32,85,20,51,0,0,0,75,330,0,3258,2890,306,34,7,0,3,3,0,271,6054,124,270,61,45,6,0,0,0,0,6516,0,5,10,11,12,10,14,16,13,224
6571,0,7,32,85,20,51,0,0,0,75,332,0,3260,2896,306,34,7,0,3,3,0,274,6060,124,271,61,45,6,0,0,0,0,6526,0,5,10,11,12,10,14,16,13,224
6577,0,7,32,85,20,51,0,0,0,75,332,0,3264,2898,306,34,7,0,3,3,0,275,6062,126,272,61,45,6,0,0,0,0,6532,0,5,10,11,12,10,14,16,13,224
6621,0,7,32,85,20,51,0,0,0,75,332,0,3285,2920,307,34,7,0,3,3,0,275,6100,128,276,61,45,6,0,0,0,0,6571,0,5,10,11,12,10,14,16,13,229
6661,0,7,32,85,20,51,0,0,0,75,335,0,3309,2933,307,34,7,0,3,3,0,276,6135,129,277,62,45,7,0,0,0,0,6610,0,5,10,11,12,10,14,16,13,230
6702,0,7,32,85,20,51,0,0,0,75,338,0,3344,2936,307,34,7,0,3,3,0,279,6172,129,278,62,45,7,0,0,0,0,6651,0,5,10,11,12,10,14,16,13,230
6917,0,7,32,85,23,52,18,3,1,95,343,0,3451,3024,309,40,18,42,3,3,0,280,6414,137,285,65,45,7,0,0,0,0,6848,0,5,10,11,13,16,20,22,19,269
6929,0,7,32,85,23,52,18,3,1,95,344,0,3457,3026,311,40,19,42,3,3,0,280,6419,140,287,67,45,7,0,0,0,0,6859,0,5,10,11,13,16,20,22,19,270
6950,0,20,43,86,24,52,18,3,1,95,349,0,3467,3045,324,40,19,42,3,3,0,280,6453,144,293,69,46,7,0,0,0,0,6897,0,5,10,11,13,16,20,22,19,279
7008,0,20,43,86,24,52,18,3,1,95,350,0,3497,3072,324,40,19,42,3,3,0,280,6505,146,294,72,46,7,0,0,0,0,6954,0,5,10,11,13,16,20,22,19,280
7330,0,20,43,106,27,52,18,3,1,115,359,0,3660,3189,340,64,22,44,30,7,0,280,6843,159,303,77,46,7,0,0,0,0,7098,0,5,16,25,31,32,34,41,37,396
7348,0,20,43,106,27,52,18,3,1,115,361,0,3662,3202,340,64,22,45,30,7,0,280,6858,159,303,78,48,7,0,0,0,0,7115,0,5,16,25,31,32,34,41,37,397
7441,0,20,43,106,27,52,18,3,1,115,363,0,3743,3211,341,64,22,45,30,7,0,280,6942,161,307,80,49,7,0,0,0,0,7190,0,5,16,25,31,32,35,47,41,404
7464,0,20,43,106,27,52,18,3,1,115,367,0,3743,3212,359,64,22,45,30,7,0,283,6961,161,308,80,49,7,0,0,0,0,7213,0,5,16,25,31,32,35,47,41,404
7541,0,20,43,106,27,52,18,3,1,115,371,0,3805,3218,362,65,23,45,30,7,0,284,7024,165,313,84,49,7,0,0,0,0,7290,0,5,16,25,31,32,35,47,41,404
7556,0,20,43,106,27,52,18,3,1,115,372,0,3809,3223,366,66,23,45,30,7,0,284,7033,168,315,85,49,7,0,0,0,0,7305,0,5,16,25,31,32,35,47,41,404
7597,0,20,43,106,27,52,18,3,1,115,376,0,3823,3234,370,73,24,45,30,7,0,284,7060,173,321,88,49,7,0,0,0,0,7346,0,5,16,25,31,32,35,47,41,404
7617,0,20,43,106,27,52,18,3,1,115,379,0,3824,3250,370,73,24,45,30,7,0,287,7077,173,321,88,49,7,0,0,0,0,7366,0,5,16,25,31,32,35,47,41,404
7727,0,31,51,114,48,53,19,4,1,115,387,0,3844,3323,400,101,26,45,30,7,0,288,7213,183,331,92,49,7,0,0,0,0,7470,0,5,17,26,33,37,40,52,44,439
7744,0,31,53,118,49,54,23,7,2,115,390,0,3858,3333,403,103,27,45,30,7,0,288,7234,187,335,96,49,7,0,0,0,0,7503,0,5,17,26,33,37,40,52,44,439
7778,0,32,56,123,72,59,23,7,2,115,397,0,3883,3362,406,108,29,45,30,7,0,288,7285,193,344,101,49,7,0,0,0,0,7574,0,5,17,26,33,37,40,52,44,439
7795,0,32,56,124,75,60,23,7,2,115,401,0,3891,3365,409,112,29,45,30,7,0,288,7298,195,349,103,49,7,0,0,0,0,7596,0,5,17,26,33,37,40,52,44,439
7811,0,32,56,125,75,60,23,7,4,115,403,0,3903,3368,411,112,29,45,30,7,0,288,7309,198,351,105,50,7,0,0,0,0,7615,0,5,17,26,33,37,40,52,44,439
7860,0,32,56,125,75,60,23,7,4,115,403,0,3920,3371,426,123,32,45,30,7,0,288,7346,203,355,106,52,7,0,0,0,0,7664,0,5,17,26,33,37,40,52,44,439
8126,0,33,57,126,76,62,27,7,4,119,418,0,3960,3392,453,252,78,47,30,7,0,288,7587,217,371,113,54,7,0,0,0,0,7763,0,5,21,35,42,44,48,57,50,572
8146,0,38,66,144,98,62,27,7,4,119,421,0,3968,3402,487,269,79,47,30,7,1,288,7647,224,376,115,54,7,0,0,0,0,7837,0,5,21,35,42,44,48,57,50,572
8229,0,38,66,144,98,62,27,7,4,119,422,0,4043,3407,488,270,79,47,30,7,1,288,7723,226,379,116,55,7,0,0,0,0,7920,0,5,21,35,42,44,48,57,50,572
8234,0,38,66,144,98,62,27,7,4,119,422,0,4046,3409,488,270,79,47,30,7,1,288,7724,228,381,116,55,7,0,0,0,0,7925,0,5,21,35,42,44,48,57,50,572
8254,0,38,66,144,98,62,27,7,4,119,423,0,4057,3415,490,270,79,47,30,7,1,288,7737,231,384,117,55,7,0,0,0,0,7945,0,5,21,35,42,44,48,57,50,572
8259,0,38,66,144,98,62,27,7,4,119,426,0,4057,3416,491,270,79,47,30,7,1,291,7738,232,384,117,55,7,0,0,0,0,7950,0,5,21,35,42,44,48,57,50,572
8276,0,38,66,146,100,63,27,7,4,119,429,0,4067,3421,494,270,80,47,30,7,1,292,7750,235,387,120,55,7,0,0,0,0,7968,0,5,21,35,42,44,48,57,50,576
8327,0,56,107,165,147,76,36,11,6,120,445,0,4105,3453,506,288,99,86,52,11,6,292,7910,251,404,132,55,7,0,0,0,0,8095,0,5,22,44,44,49,50,61,53,628
8467,0,59,110,182,171,95,61,19,7,128,457,0,4156,3468,520,317,132,167,57,15,10,292,8112,268,422,143,55,7,0,0,0,0,8248,0,8,25,49,46,52,54,68,67,682
8496,0,59,110,182,171,95,61,19,7,128,460,0,4172,3472,525,318,132,167,57,15,10,292,8129,272,427,146,55,7,0,0,0,0,8274,0,8,25,49,46,52,54,68,67,685
8514,0,62,112,186,177,97,61,20,7,128,462,0,4185,3485,529,321,133,167,57,15,10,292,8152,275,430,151,57,7,0,0,0,0,8310,0,8,25,49,46,52,54,68,67,685
8573,0,62,112,186,177,98,62,21,11,141,468,0,4216,3498,548,329,134,168,57,15,10,292,8203,286,440,157,58,7,0,0,0,0,8369,0,8,25,49,49,52,56,69,69,697
8673,0,64,114,191,182,99,62,21,11,148,474,0,4236,3512,556,347,152,202,59,15,12,292,8302,295,448,163,58,7,0,0,0,0,8477,0,8,25,49,49,52,56,69,69,711
8677,0,64,114,191,182,99,62,21,11,148,478,0,4236,3512,556,347,152,202,59,15,12,295,8302,295,449,163,58,7,0,0,0,0,8481,0,8,25,49,49,52,56,69,69,711
8867,0,73,124,196,185,101,64,21,11,164,498,0,4265,3528,596,390,184,242,62,20,21,296,8490,314,466,175,58,7,0,0,0,0,8587,0,8,30,50,54,59,66,80,80,792
8878,0,74,126,200,189,103,64,21,11,164,499,0,4278,3532,598,392,186,242,62,20,21,296,8506,317,469,177,58,7,0,0,0,0,8611,0,8,30,50,54,59,66,80,80,792
8884,0,74,126,200,189,103,64,21,11,164,500,0,4281,3534,598,392,186,242,62,20,21,296,8509,318,471,177,58,7,0,0,0,0,8617,0,8,30,50,54,59,66,80,80,792
8934,0,81,134,217,209,124,102,28,17,192,514,0,4372,3558,633,415,191,246,67,21,21,296,8670,331,489,187,58,7,0,0,0,0,8727,0,8,30,50,62,62,78,87,91,843
8953,0,83,139,222,209,126,102,28,17,193,518,0,4388,3563,639,416,192,246,68,21,21,296,8686,340,493,191,59,7,0,0,0,0,8760,0,8,30,50,62,62,78,87,91,844
8972,0,84,139,222,209,126,102,28,17,193,520,0,4397,3569,641,417,192,246,68,21,21,296,8697,342,497,193,60,7,0,0,0,0,8780,0,8,30,50,62,62,78,87,91,844
9003,0,87,142,230,222,128,102,28,17,242,526,0,4442,3575,664,437,200,247,68,21,21,296,8786,348,506,198,60,7,0,0,0,0,8854,0,8,30,50,62,62,78,87,91,879
9024,0,87,142,230,222,128,102,28,17,242,530,0,4449,3580,666,439,201,247,68,21,21,296,8797,351,510,201,60,7,0,0,0,0,8875,0,8,30,50,62,62,78,87,91,879
9054,0,88,143,231,224,128,102,28,17,242,534,0,4464,3584,673,443,202,247,68,21,21,296,8818,355,516,205,60,7,0,0,0,0,8905,0,8,30,50,63,62,80,87,91,881
9059,0,88,143,231,224,128,102,28,17,242,534,0,4468,3585,673,443,202,247,68,21,21,296,8820,356,517,206,60,7,0,0,0,0,8910,0,8,30,50,63,62,80,87,91,881
9090,0,91,149,233,226,131,105,29,19,243,538,0,4495,3597,680,446,203,247,68,21,21,296,8854,363,524,212,60,7,0,0,0,0,8964,0,8,30,50,63,62,80,87,91,881
9104,0,91,149,233,226,131,105,29,19,243,540,0,4502,3601,681,446,203,247,68,21,21,296,8861,364,526,216,60,7,0,0,0,0,8978,0,8,30,50,63,62,80,87,91,881
9156,0,95,154,237,231,133,106,30,19,243,548,0,4535,3615,688,451,208,247,69,22,21,296,8906,374,538,223,60,7,0,0,0,0,9036,0,8,30,50,63,62,80,87,92,896
9207,0,100,160,251,251,144,133,53,20,245,556,0,4578,3633,729,484,216,251,72,24,21,296,9027,390,552,232,60,7,0,0,0,0,9138,0,9,31,57,65,69,94,94,97,910
9224,0,101,161,252,253,144,133,53,20,245,558,0,4591,3638,731,484,216,251,72,24,21,296,9039,393,558,233,60,7,0,0,0,0,9160,0,9,31,57,65,69,94,94,97,910
9242,0,103,162,253,254,147,134,54,20,245,561,0,4605,3644,735,485,216,251,72,24,21,296,9055,397,563,235,61,7,0,0,0,0,9188,0,9,31,57,65,69,94,94,97,910
9329,0,108,172,260,264,152,136,55,23,254,570,0,4638,3663,754,520,227,258,73,27,23,296,9160,411,576,242,61,7,0,0,0,0,9273,0,9,31,58,65,70,94,95,99,959
9371,0,108,172,260,264,152,136,55,23,255,571,0,4668,3671,757,520,227,259,73,27,23,296,9186,419,581,246,61,7,0,0,0,0,9315,0,9,31,58,65,70,94,95,99,960
9557,0,111,175,263,275,155,140,57,24,256,582,0,4683,3679,773,535,289,317,104,28,23,296,9375,429,592,253,61,7,0,0,0,0,9509,0,9,33,62,67,72,96,95,102,968
9578,0,111,175,263,275,155,140,57,24,256,583,0,4698,3682,774,535,289,318,104,28,23,296,9388,431,595,254,63,7,0,0,0,0,9530,0,9,33,62,67,72,96,95,102,968
9612,0,114,187,273,278,156,142,58,24,256,590,0,4719,3690,786,546,293,319,104,29,24,296,9429,439,605,260,64,7,0,0,0,0,9596,0,9,33,62,67,72,96,95,102,968
9640,0,114,187,273,278,156,142,58,24,256,594,0,4737,3694,788,546,293,319,104,29,24,296,9446,442,611,262,64,7,0,0,0,0,9624,0,9,33,62,67,72,96,95,102,968
9713,0,114,187,273,278,156,142,58,24,256,606,0,4765,3703,799,551,296,321,105,31,24,296,9488,452,623,271,64,7,0,0,0,0,9686,0,9,33,67,67,74,96,95,102,972
9835,0,115,189,277,282,161,149,63,30,260,620,0,4810,3727,823,569,309,331,108,33,31,296,9605,466,638,285,64,7,0,0,0,0,9779,0,11,37,70,74,80,104,109,111,986
9847,0,115,189,277,282,161,149,63,30,261,621,0,4815,3730,826,569,309,331,108,33,32,296,9612,469,640,286,64,7,0,0,0,0,9792,0,11,37,70,74,80,104,109,111,986
9884,0,117,190,279,283,163,149,63,30,261,627,0,4834,3739,833,570,312,331,108,33,32,296,9636,477,648,290,65,7,0,0,0,0,9837,0,11,37,70,74,80,104,109,111,986
10159,0,120,197,285,308,170,158,65,31,279,723,0,4900,3769,865,627,323,381,110,38,36,296,9893,516,684,310,66,7,0,0,0,0,9967,0,18,44,79,95,95,117,143,130,1084
10224,0,123,201,287,312,172,159,66,34,280,732,0,4948,3784,874,630,325,381,110,38,36,296,9946,529,695,319,66,7,0,0,0,0,10038,0,18,44,79,95,95,117,143,130,1099
10253,0,123,202,288,317,179,163,70,37,282,737,0,4972,3794,881,635,328,382,111,38,36,296,9980,536,705,324,66,7,0,0,0,0,10094,0,18,44,79,95,95,117,143,130,1099
10308,0,123,202,288,319,181,165,70,37,282,743,0,4996,3804,890,641,331,382,111,38,39,296,10019,544,713,330,66,7,0,0,0,0,10140,0,18,44,79,96,97,120,147,132,1102
10327,0,126,204,293,326,185,167,70,38,282,747,0,5011,3813,898,645,333,383,111,38,39,296,10046,549,718,335,67,7,0,0,0,0,10183,0,18,44,79,96,97,120,147,132,1102
10357,0,126,204,293,326,185,167,70,38,282,749,0,5029,3821,900,645,333,383,111,38,39,296,10065,553,721,337,69,7,0,0,0,0,10213,0,18,44,79,96,97,120,147,132,1102
10385,0,127,205,294,336,201,181,71,38,282,754,0,5047,3841,919,655,333,383,111,38,39,296,10122,557,728,340,70,7,0,0,0,0,10285,0,18,44,79,96,97,120,147,132,1102
10404,0,127,205,294,336,201,181,71,38,282,757,0,5058,3843,921,656,333,383,111,38,39,296,10131,560,732,342,71,7,0,0,0,0,10304,0,18,44,79,96,97,120,147,132,1102
10466,0,130,216,301,338,201,181,71,38,288,763,0,5080,3853,934,663,350,395,111,38,43,296,10199,570,741,346,71,7,0,0,0,0,10373,0,18,46,80,100,98,121,148,133,1113
10519,0,130,216,301,338,201,181,71,38,288,767,0,5080,3853,983,663,350,395,111,38,43,299,10248,570,742,346,71,7,0,0,0,0,10426,0,18,46,80,100,98,121,148,133,1113
10554,0,130,216,301,338,201,181,71,38,288,772,0,5093,3861,989,665,351,395,111,38,43,300,10266,576,747,351,71,7,0,0,0,0,10461,0,18,46,80,100,98,121,148,133,1113
10670,0,132,239,324,359,213,197,72,38,304,789,0,5124,3874,1020,725,377,408,120,50,61,300,10451,593,765,361,71,7,0,0,0,0,10543,0,18,47,82,102,99,127,154,142,1234
10683,0,132,239,324,359,213,197,72,38,304,789,0,5134,3876,1020,725,378,408,120,50,61,300,10457,596,769,361,71,7,0,0,0,0,10555,0,18,47,82,102,99,127,154,142,1235
10711,0,135,250,327,361,216,199,72,38,304,796,0,5160,3883,1026,729,380,408,120,50,61,300,10488,602,779,366,71,7,0,0,0,0,10607,0,18,47,82,102,99,127,154,142,1235
10743,0,150,255,333,368,226,200,72,38,304,802,0,5192,3910,1032,733,381,408,120,50,61,300,10541,611,790,369,71,7,0,0,0,0,10672,0,18,47,82,102,99,127,154,142,1246
10763,0,150,255,333,368,227,204,72,38,304,805,0,5208,3915,1033,733,381,408,120,50,61,300,10558,613,793,371,72,7,0,0,0,0,10697,0,18,47,82,102,99,127,154,142,1246
10791,0,150,255,333,368,227,204,72,38,304,808,0,5222,3919,1039,734,381,408,120,50,61,300,10576,616,799,372,72,7,0,0,0,0,10725,0,18,47,82,102,99,127,154,142,1246
10804,0,152,259,337,370,230,206,72,38,304,810,0,5240,3926,1041,735,381,408,120,50,61,300,10596,619,804,374,72,7,0,0,0,0,10755,0,18,47,82,102,99,127,154,142,1246
10854,0,152,259,337,370,230,206,74,39,304,816,0,5265,3936,1049,738,382,408,120,50,61,300,10628,626,812,380,72,7,0,0,0,0,10806,0,18,47,82,102,99,127,154,142,1248
10869,0,152,259,337,370,230,206,74,39,304,818,0,5275,3938,1050,738,382,408,120,50,61,300,10636,627,814,382,74,7,0,0,0,0,10821,0,18,47,82,102,99,127,154,142,1248
10875,0,152,259,337,370,230,206,74,39,304,820,0,5277,3939,1050,738,383,408,120,50,61,300,10638,628,816,383,74,7,0,0,0,0,10827,0,18,47,82,102,99,127,154,142,1248
10887,0,152,259,337,370,230,206,74,39,304,822,0,5281,3942,1053,738,383,408,120,50,61,300,10643,631,819,384,74,7,0,0,0,0,10839,0,18,47,82,102,99,127,154,142,1248
10915,0,152,259,337,370,230,206,74,39,304,824,0,5298,3948,1055,738,384,408,120,50,61,300,10660,636,823,386,74,7,0,0,0,0,10867,0,18,47,82,102,99,127,154,142,1248
10958,0,153,262,341,383,247,210,75,39,304,832,0,5325,3956,1075,752,387,411,122,51,61,300,10720,647,832,392,74,7,0,0,0,0,10953,0,18,47,82,102,99,127,154,142,1248
10963,0,153,262,341,383,247,210,75,39,304,832,0,5328,3957,1075,752,387,412,122,51,61,300,10723,648,833,392,74,7,0,0,0,0,10958,0,18,47,82,102,99,127,154,142,1248
10977,0,153,262,341,383,247,210,75,39,304,833,0,5335,3959,1078,753,387,412,122,51,61,300,10731,651,835,393,74,7,0,0,0,0,10972,0,18,47,82,102,99,127,154,142,1248
10982,0,153,262,341,383,247,210,75,39,304,833,0,5338,3960,1078,754,387,412,122,51,61,300,10734,652,836,393,74,7,0,0,0,0,10977,0,18,47,82,102,99,127,154,142,1248
10997,0,154,263,342,384,249,210,75,39,304,835,0,5349,3964,1080,755,388,412,122,51,61,300,10747,655,839,395,74,7,0,0,0,0,10998,0,18,47,82,102,99,127,154,142,1248
11003,0,154,263,342,384,249,210,75,39,304,835,0,5353,3966,1080,755,388,412,122,51,61,300,10751,656,840,395,74,7,0,0,0,0,11004,0,18,47,82,102,99,127,154,142,1248
11067,0,156,265,346,384,251,211,77,42,305,842,0,5396,3980,1091,759,390,412,122,51,61,300,10799,665,853,405,75,7,0,0,0,0,11082,0,18,47,82,102,99,127,154,142,1251
11094,0,156,265,346,384,251,211,77,42,305,845,0,5414,3984,1093,759,390,412,122,51,61,300,10815,668,858,408,75,7,0,0,0,0,11109,0,18,47,82,102,99,127,154,142,1251
11123,0,156,265,346,384,251,211,77,42,305,848,0,5428,3988,1098,762,390,412,122,51,61,300,10831,674,863,410,75,7,0,0,0,0,11138,0,18,47,82,102,99,127,154,142,1251
11129,0,156,265,346,384,251,211,77,42,305,848,0,5433,3988,1099,762,390,412,122,51,61,300,10833,675,866,410,75,7,0,0,0,0,11144,0,18,47,82,102,99,127,154,142,1251
11196,0,157,266,348,386,251,211,77,42,305,854,0,5470,4004,1106,766,393,412,122,51,61,300,10875,686,880,416,75,7,0,0,0,0,11217,0,18,47,82,102,99,127,154,142,1251
11304,0,162,274,360,415,274,233,89,51,334,884,0,5527,4033,1155,796,403,420,138,58,82,300,11061,712,906,435,75,7,0,0,0,0,11335,0,28,54,92,112,113,138,165,152,1307
11333,0,163,275,361,417,278,235,91,53,335,887,0,5546,4045,1162,800,403,420,138,58,82,300,11091,717,911,439,76,7,0,0,0,0,11379,0,28,54,92,112,113,138,165,152,1308
11365,0,163,275,364,423,279,236,91,53,335,890,0,5576,4053,1164,800,403,420,138,58,82,300,11117,723,919,441,77,7,0,0,0,0,11422,0,28,54,92,112,113,138,165,152,1308
11402,0,166,276,368,428,287,241,99,54,341,899,0,5612,4067,1173,805,408,420,138,58,82,300,11162,734,931,451,77,7,0,0,0,0,11479,0,28,54,92,112,113,138,169,153,1324
11422,0,166,276,368,428,287,241,99,54,341,901,0,5622,4070,1176,806,409,420,138,58,82,300,11172,739,935,452,77,7,0,0,0,0,11498,0,28,54,92,112,113,138,169,153,1325
11484,0,166,276,368,428,289,242,99,54,341,906,0,5667,4080,1180,807,409,420,138,58,82,300,11212,747,946,456,79,7,0,0,0,0,11553,0,28,54,92,112,113,138,169,155,1333
11554,0,173,285,379,439,300,247,103,57,349,920,0,5720,4116,1205,814,412,420,138,58,83,300,11307,763,963,467,79,7,0,0,0,0,11622,0,28,54,92,112,114,141,176,162,1385
11645,0,175,287,383,441,301,247,103,58,352,929,0,5754,4132,1216,824,415,435,138,61,88,300,11379,775,975,475,81,7,0,0,0,0,11686,0,29,56,95,113,115,142,178,167,1411
11665,0,176,288,384,442,301,247,103,58,352,933,0,5763,4136,1219,827,416,435,138,61,88,300,11394,777,980,477,81,7,0,0,0,0,11710,0,29,56,95,113,115,142,178,167,1411
11737,0,179,293,392,450,309,249,107,59,354,946,0,5801,4145,1235,839,427,440,141,61,94,300,11466,792,996,486,82,7,0,0,0,0,11801,0,32,57,98,115,115,143,179,168,1421
11797,0,183,298,403,472,321,258,111,59,356,958,0,5852,4170,1249,846,431,454,142,62,94,300,11554,805,1011,499,82,7,0,0,0,0,11895,0,32,57,98,115,115,143,181,168,1454
11810,0,183,298,403,472,321,258,111,59,356,961,0,5860,4171,1250,846,431,454,142,62,94,300,11561,806,1015,500,82,7,0,0,0,0,11908,0,32,57,98,115,115,143,181,168,1454
11853,0,183,298,403,472,321,258,111,59,356,964,0,5877,4175,1258,855,433,454,142,62,94,300,11588,813,1021,503,82,7,0,0,0,0,11951,0,32,57,98,115,115,143,181,168,1454
11967,0,192,318,406,474,323,260,111,59,446,980,0,5922,4204,1305,896,457,470,148,74,100,300,11777,832,1043,515,82,7,0,0,0,0,12048,0,33,62,104,118,127,150,188,178,1548
11996,0,195,321,413,480,326,264,113,59,448,986,0,5943,4214,1312,903,461,472,148,74,102,300,11813,839,1050,524,82,7,0,0,0,0,12107,0,33,62,104,118,127,150,188,178,1548
12021,0,195,321,413,494,347,307,115,61,448,989,0,5967,4261,1330,917,462,472,148,74,102,300,11907,843,1055,528,82,7,0,0,0,0,12204,0,33,62,104,118,127,150,188,178,1558
12054,0,202,351,437,496,350,309,115,61,448,993,0,5996,4292,1361,922,463,472,148,74,102,300,11986,851,1062,535,82,7,0,0,0,0,12305,0,33,62,104,118,127,150,188,178,1558
12102,0,203,354,438,497,351,310,115,61,448,998,0,6025,4302,1368,924,466,472,148,74,102,300,12018,859,1070,542,83,7,0,0,0,0,12360,0,33,62,104,118,127,150,188,178,1559
12108,0,203,354,438,497,351,310,115,61,448,998,0,6028,4304,1369,924,466,472,148,74,102,300,12021,860,1071,542,84,7,0,0,0,0,12366,0,33,62,104,118,127,150,188,178,1559
12157,0,210,369,461,515,367,325,136,73,503,1019,0,6067,4333,1402,950,493,494,155,82,121,300,12194,882,1092,556,85,7,0,0,0,0,12479,0,33,69,107,127,129,161,189,185,1637
12169,0,210,369,461,515,367,325,136,73,503,1021,0,6073,4335,1404,950,493,494,155,82,121,300,12200,884,1095,557,85,7,0,0,0,0,12491,0,33,69,107,127,129,161,189,185,1637
12185,0,210,370,461,517,367,325,136,73,503,1023,0,6085,4338,1406,950,493,494,155,82,121,300,12211,887,1099,558,85,7,0,0,0,0,12510,0,33,69,107,127,129,161,189,185,1637
12190,0,210,371,461,517,367,325,136,73,503,1023,0,6089,4339,1407,950,493,494,155,82,121,300,12214,889,1100,558,85,7,0,0,0,0,12516,0,33,69,107,127,129,161,189,185,1637
12197,0,210,371,461,517,367,325,136,73,503,1023,0,6094,4340,1408,950,493,494,155,82,121,300,12219,890,1101,558,85,7,0,0,0,0,12523,0,33,69,107,127,129,161,189,185,1637
12226,0,210,371,461,517,367,325,136,73,503,1026,0,6108,4346,1411,951,495,494,155,82,121,300,12236,894,1105,562,85,7,0,0,0,0,12552,0,33,69,107,127,129,161,189,185,1637
12253,0,210,371,461,517,367,325,136,73,503,1028,0,6125,4349,1414,952,496,494,155,82,121,300,12252,899,1109,564,85,7,0,0,0,0,12579,0,33,69,107,127,129,161,189,185,1637
12300,0,212,373,468,530,382,334,139,74,508,1040,0,6168,4369,1425,959,499,495,156,82,127,300,12318,913,1123,574,85,7,0,0,0,0,12655,0,33,71,114,129,135,161,191,186,1645
12312,0,212,373,468,530,382,334,139,75,508,1040,0,6176,4370,1426,961,499,495,156,82,128,300,12326,916,1125,574,85,7,0,0,0,0,12668,0,33,71,114,129,135,161,191,186,1645
12335,0,213,374,469,532,382,334,139,75,508,1041,0,6192,4376,1430,962,499,495,156,82,128,300,12343,919,1128,578,86,7,0,0,0,0,12696,0,33,71,114,129,135,161,191,186,1645
12355,0,214,376,471,534,382,334,139,75,508,1043,0,6209,4381,1433,962,499,495,156,82,128,300,12358,923,1132,582,86,7,0,0,0,0,12723,0,33,71,114,129,135,161,191,186,1645
12369,0,215,377,471,538,383,335,143,75,508,1045,0,6224,4385,1435,963,500,496,156,82,128,300,12374,927,1135,585,86,7,0,0,0,0,12747,0,33,71,114,129,135,161,191,186,1647
12375,0,215,377,471,539,383,335,143,75,508,1045,0,6228,4387,1435,964,500,496,156,82,128,300,12379,928,1136,585,86,7,0,0,0,0,12753,0,33,71,114,129,135,161,191,186,1648
12446,0,218,380,474,559,384,338,143,75,508,1053,0,6258,4402,1445,972,506,517,159,83,130,300,12457,939,1145,591,86,7,0,0,0,0,12815,0,33,71,114,129,135,161,191,186,1690
12478,0,220,381,475,561,387,340,145,75,508,1057,0,6282,4410,1450,974,507,517,160,83,130,300,12487,944,1151,594,87,7,0,0,0,0,12859,0,33,71,114,129,135,161,191,186,1691
12504,0,220,381,475,561,387,340,145,75,508,1060,0,6297,4416,1452,974,507,517,160,83,130,300,12502,947,1156,597,87,7,0,0,0,0,12885,0,33,71,114,129,135,161,191,186,1691
12541,0,220,381,475,567,397,346,147,75,508,1064,0,6332,4429,1461,974,507,517,160,83,130,300,12542,954,1165,602,87,7,0,0,0,0,12946,0,33,71,114,129,135,161,191,186,1691
12595,0,221,384,477,568,397,346,148,79,508,1071,0,6363,4438,1472,978,509,519,160,83,130,300,12582,965,1176,606,87,7,0,0,0,0,13012,0,33,71,114,129,135,161,191,186,1691
12681,0,224,388,480,576,403,353,150,82,523,1082,0,6413,4459,1488,989,520,530,162,84,133,300,12671,983,1197,615,87,7,0,0,0,0,13123,0,33,71,114,129,135,162,191,188,1714
12691,0,224,388,480,578,403,353,150,82,523,1085,0,6419,4460,1490,989,520,530,162,84,133,300,12676,985,1201,616,87,7,0,0,0,0,13135,0,33,71,114,129,135,162,191,188,1714
12765,0,224,389,480,578,403,353,150,82,523,1094,0,6446,4473,1500,996,525,531,164,84,134,300,12719,999,1213,622,87,7,0,0,0,0,13210,0,33,71,114,129,135,162,191,188,1714
12769,0,224,389,480,578,403,353,150,82,523,1097,0,6446,4473,1500,997,525,531,164,84,134,303,12720,999,1213,622,87,7,0,0,0,0,13214,0,33,71,114,129,135,162,191,188,1714
12878,0,227,392,483,583,405,356,153,84,537,1113,0,6482,4498,1526,1015,534,538,166,87,139,304,12825,1014,1229,632,87,7,0,0,0,0,13297,0,35,77,132,136,143,171,196,192,1719
12942,0,228,393,486,584,405,356,153,84,537,1120,0,6518,4508,1534,1020,537,539,166,87,139,304,12866,1024,1239,641,87,7,0,0,0,0,13354,0,35,77,132,137,147,171,198,193,1724
13023,0,234,400,498,593,409,360,159,86,549,1135,0,6577,4531,1556,1032,542,542,166,88,142,305,12953,1042,1260,654,90,7,0,0,0,0,13467,0,35,77,134,141,150,172,200,194,1741
13120,0,234,400,499,594,412,363,164,90,568,1146,0,6613,4556,1582,1047,552,545,170,90,143,305,13045,1057,1275,665,90,7,0,0,0,0,13542,0,35,83,135,144,151,173,203,196,1782
13160,0,239,405,503,599,418,369,169,92,570,1154,0,6634,4572,1597,1056,558,548,171,91,143,305,13099,1067,1286,670,90,7,0,0,0,0,13612,0,35,83,135,144,151,174,203,196,1791
13207,0,239,405,503,599,420,373,171,92,570,1158,0,6656,4587,1601,1063,559,550,171,91,143,305,13134,1072,1292,676,93,7,0,0,0,0,13653,0,35,83,135,144,151,174,203,196,1805
13294,0,243,408,508,604,428,377,178,98,597,1174,0,6707,4610,1623,1082,568,559,174,93,145,305,13236,1090,1311,692,94,7,0,0,0,0,13738,0,37,86,137,144,159,181,212,204,1837
13311,0,243,408,508,604,428,377,179,99,598,1176,0,6718,4613,1626,1082,568,559,174,93,146,305,13247,1093,1314,694,95,7,0,0,0,0,13757,0,37,86,137,144,159,181,212,204,1838
13317,0,243,408,508,604,428,378,179,99,598,1176,0,6722,4615,1626,1082,568,560,174,93,146,305,13251,1095,1315,694,95,7,0,0,0,0,13764,0,37,86,137,144,159,181,212,204,1838
13347,0,245,410,509,606,428,378,179,99,598,1179,0,6740,4620,1633,1085,569,560,174,93,146,305,13276,1099,1321,696,95,7,0,0,0,0,13801,0,37,86,137,144,159,181,212,204,1838
13447,0,248,474,582,622,438,411,215,120,642,1204,0,6788,4653,1693,1129,646,641,186,103,156,305,13605,1128,1347,711,96,7,0,0,0,0,14180,0,38,89,141,145,162,181,215,206,1842
13473,0,251,477,584,626,442,413,216,120,642,1205,0,6807,4663,1699,1134,649,642,186,103,156,305,13637,1133,1351,715,96,7,0,0,0,0,14225,0,38,89,141,145,162,181,215,206,1842
13488,0,251,477,584,626,442,413,216,120,642,1206,0,6815,4667,1701,1134,649,642,186,103,156,305,13645,1135,1353,718,96,7,0,0,0,0,14240,0,38,89,141,145,162,181,215,206,1842
13532,0,251,477,584,626,442,413,216,120,642,1210,0,6839,4674,1706,1136,651,642,186,103,156,305,13671,1141,1361,722,96,7,0,0,0,0,14284,0,38,89,141,145,162,181,215,206,1842
13575,0,252,479,587,631,443,413,217,123,645,1214,0,6869,4686,1715,1139,653,642,186,105,156,305,13711,1147,1371,727,97,7,0,0,0,0,14335,0,38,89,141,145,162,181,215,206,1853
13588,0,252,479,587,631,443,413,217,123,645,1215,0,6879,4687,1716,1139,653,642,186,105,156,305,13718,1148,1373,728,99,7,0,0,0,0,14348,0,38,89,141,145,162,181,215,206,1853
13600,0,252,479,587,631,443,413,217,123,645,1216,0,6884,4691,1717,1140,653,642,186,105,156,305,13724,1150,1375,729,100,7,0,0,0,0,14360,0,38,89,141,145,162,181,215,206,1853
13667,0,252,479,587,631,443,413,217,123,645,1224,0,6901,4702,1728,1146,663,646,186,105,156,305,13767,1161,1384,733,100,7,0,0,0,0,14427,0,38,89,141,145,162,181,215,206,1853
13756,0,254,488,591,634,443,413,217,123,665,1235,0,6935,4718,1745,1176,673,649,188,105,160,305,13857,1176,1398,741,100,7,0,0,0,0,14527,0,39,92,143,147,164,184,217,208,1863
13837,0,257,517,597,641,448,416,220,124,666,1248,0,6959,4731,1765,1219,684,655,190,106,166,305,13959,1190,1412,750,100,7,0,0,0,0,14619,0,39,92,145,152,166,191,221,216,1882
13896,0,257,517,597,641,448,416,220,124,666,1255,0,6977,4744,1775,1225,688,656,190,106,166,305,13995,1198,1419,756,102,7,0,0,0,0,14677,0,39,92,145,152,166,191,221,216,1883
14092,0,257,517,597,641,455,443,248,139,692,1297,0,7020,4769,1801,1251,724,705,197,115,202,305,14234,1223,1442,767,103,7,0,0,0,0,14822,0,41,96,151,156,180,202,236,226,1971
14139,0,257,517,597,641,455,443,248,139,692,1302,0,7050,4775,1805,1252,725,705,197,115,202,305,14264,1229,1450,770,103,7,0,0,0,0,14868,0,41,96,151,156,180,202,236,226,1972
14151,0,257,517,597,641,455,443,248,139,692,1303,0,7058,4776,1806,1253,725,705,197,115,202,305,14271,1231,1453,770,103,7,0,0,0,0,14880,0,41,96,151,156,180,202,236,226,1972
14248,0,258,518,600,643,456,443,248,139,697,1310,0,7084,4786,1820,1297,730,705,197,117,204,305,14353,1241,1464,777,103,7,0,0,0,0,14970,0,41,96,151,156,181,202,237,228,1988
14268,0,258,518,600,643,456,443,248,139,697,1313,0,7091,4790,1824,1299,730,705,197,117,204,305,14364,1244,1468,779,103,7,0,0,0,0,14990,0,41,96,151,156,181,202,237,228,1988
14288,0,258,518,600,643,456,443,248,139,697,1315,0,7102,4793,1827,1300,730,705,197,117,204,305,14376,1247,1471,781,103,7,0,0,0,0,15010,0,41,96,151,156,181,202,237,228,1988
14301,0,259,519,601,644,458,443,248,139,697,1317,0,7115,4796,1828,1300,730,705,197,117,204,305,14388,1249,1474,782,104,7,0,0,0,0,15029,0,41,96,151,156,181,202,237,228,1988
14353,0,260,520,605,648,461,444,248,139,706,1324,0,7145,4812,1843,1303,732,705,198,118,204,305,14436,1260,1483,788,105,7,0,0,0,0,15095,0,41,96,151,156,181,202,237,228,1997
14451,0,267,526,609,652,464,446,250,143,733,1339,0,7186,4843,1869,1320,742,710,200,118,214,305,14542,1280,1501,801,105,7,0,0,0,0,15188,0,43,101,153,157,186,210,240,233,2030
14496,0,268,527,611,657,464,446,250,143,734,1346,0,7211,4854,1878,1321,742,712,200,118,214,305,14576,1286,1512,805,105,7,0,0,0,0,15235,0,43,101,153,157,186,210,240,233,2038
14502,0,268,527,611,657,464,446,250,143,734,1346,0,7214,4856,1879,1321,742,712,200,118,214,305,14580,1287,1513,805,105,7,0,0,0,0,15241,0,43,101,153,157,186,210,240,233,2038
14532,0,268,527,611,658,467,451,253,143,734,1349,0,7237,4864,1882,1323,743,714,200,118,214,305,14607,1293,1519,808,105,7,0,0,0,0,15277,0,43,101,153,157,186,210,240,233,2044
14552,0,268,527,611,659,468,452,253,143,734,1352,0,7249,4868,1884,1324,744,714,200,118,214,305,14620,1296,1524,810,105,7,0,0,0,0,15300,0,43,101,153,157,186,210,240,233,2044
14613,0,274,535,621,669,473,458,261,152,870,1375,0,7293,4895,1939,1368,770,742,205,120,219,305,14819,1315,1552,823,105,7,0,0,0,0,15547,0,43,101,153,160,186,212,240,234,2050
14637,0,275,536,623,672,474,460,261,152,870,1380,0,7308,4900,1944,1370,772,742,205,120,219,305,14837,1320,1559,827,105,7,0,0,0,0,15580,0,43,101,153,160,186,212,240,234,2051
14723,0,275,536,623,672,474,461,261,152,870,1390,0,7334,4911,1959,1387,776,743,205,121,221,305,14894,1330,1569,835,107,7,0,0,0,0,15664,0,43,101,153,160,186,212,240,234,2054
14817,0,279,541,627,677,490,472,273,161,893,1409,0,7372,4937,1992,1422,790,757,206,122,223,305,15026,1348,1591,845,108,7,0,0,0,0,15795,0,43,101,155,161,194,214,247,235,2085
14845,0,280,542,630,680,490,472,279,167,893,1416,0,7386,4944,1997,1424,798,762,206,122,223,305,15057,1355,1599,847,108,7,0,0,0,0,15843,0,43,101,155,161,194,214,247,235,2085
14850,0,280,542,630,680,490,473,279,167,893,1417,0,7389,4945,1997,1424,799,762,206,122,223,305,15059,1356,1600,849,108,7,0,0,0,0,15849,0,43,101,155,161,194,214,247,235,2085
14935,0,281,543,631,681,492,473,279,168,911,1428,0,7427,4956,2014,1438,812,766,206,122,225,305,15135,1367,1614,857,109,7,0,0,0,0,15929,0,43,101,155,161,194,214,247,235,2115
15021,0,284,547,634,686,499,478,283,172,919,1444,0,7455,4975,2031,1456,821,775,209,125,232,305,15220,1384,1630,868,109,7,0,0,0,0,15997,0,46,102,157,163,202,222,256,236,2142
15043,0,285,548,636,687,500,479,284,173,919,1449,0,7461,4982,2038,1461,822,775,209,125,232,305,15239,1388,1636,870,109,7,0,0,0,0,16028,0,46,102,157,163,202,222,256,236,2142
15114,0,289,554,677,724,521,505,301,188,993,1468,0,7501,5010,2116,1569,837,785,212,130,238,305,15498,1408,1659,880,109,7,0,0,0,0,16294,0,46,102,165,174,208,227,257,237,2156
15162,0,289,554,677,724,521,505,301,188,995,1474,0,7518,5022,2125,1573,839,785,212,130,238,305,15528,1415,1668,884,109,7,0,0,0,0,16341,0,46,102,165,174,208,227,257,237,2159
15186,0,289,554,677,724,521,505,301,188,995,1477,0,7529,5027,2130,1573,839,785,212,130,238,305,15540,1420,1672,886,110,7,0,0,0,0,16365,0,46,102,165,174,208,227,257,237,2159
15242,0,290,556,682,730,524,507,302,188,995,1486,0,7549,5040,2143,1583,847,787,213,130,238,305,15590,1430,1682,892,110,7,0,0,0,0,16418,0,46,102,168,175,209,228,260,241,2169
15246,0,290,556,682,730,524,507,302,188,996,1486,0,7553,5040,2143,1583,847,787,213,131,238,305,15592,1430,1685,892,110,7,0,0,0,0,16422,0,46,102,168,175,209,228,260,241,2170
15303,0,292,558,684,731,525,509,304,188,996,1493,0,7576,5057,2156,1590,849,787,213,131,238,305,15632,1441,1697,897,111,7,0,0,0,0,16491,0,46,102,168,175,209,228,260,241,2170
15335,0,293,560,687,733,527,509,304,188,996,1500,0,7586,5066,2165,1594,852,787,213,131,238,305,15659,1446,1704,900,111,7,0,0,0,0,16533,0,46,102,168,175,209,228,260,241,2170
15402,0,300,566,690,739,532,511,307,190,1005,1511,0,7628,5092,2182,1600,857,788,214,132,238,305,15729,1461,1720,909,111,7,0,0,0,0,16613,0,46,102,168,175,210,232,261,243,2192
15408,0,300,566,690,739,532,511,307,190,1005,1511,0,7632,5094,2182,1600,857,788,214,132,238,305,15732,1461,1720,912,111,7,0,0,0,0,16619,0,46,102,168,175,210,232,261,243,2192
15437,0,300,566,691,744,533,512,309,190,1005,1514,0,7654,5104,2185,1601,857,788,214,132,238,305,15754,1466,1728,915,112,7,0,0,0,0,16653,0,46,102,168,175,210,232,261,243,2197
15482,0,301,567,695,747,534,513,310,190,1008,1518,0,7687,5113,2195,1604,858,788,214,132,238,305,15789,1473,1739,921,113,7,0,0,0,0,16699,0,46,102,168,175,210,232,261,243,2211
15586,0,303,569,695,747,534,513,310,190,1008,1526,0,7749,5131,2208,1608,860,788,215,132,238,305,15859,1488,1755,928,113,7,0,0,0,0,16789,0,46,102,169,175,214,235,267,245,2213
15616,0,303,569,696,748,534,514,311,190,1008,1530,0,7768,5137,2211,1609,861,788,215,132,238,305,15879,1492,1762,931,113,7,0,0,0,0,16821,0,46,103,169,175,214,235,267,245,2214
15628,0,303,569,696,748,534,514,311,190,1008,1531,0,7776,5138,2213,1609,861,788,215,132,238,305,15885,1495,1765,931,113,7,0,0,0,0,16833,0,46,103,169,175,214,235,267,245,2214
15654,0,303,569,696,748,534,514,311,190,1008,1532,0,7795,5141,2215,1610,861,788,215,132,238,305,15900,1500,1770,932,113,7,0,0,0,0,16859,0,46,103,169,175,214,235,267,245,2214
15691,0,305,572,699,748,534,514,311,190,1008,1536,0,7818,5149,2220,1615,861,788,215,132,238,305,15928,1508,1776,935,113,7,0,0,0,0,16904,0,46,103,169,175,214,235,267,245,2214
15717,0,305,572,699,748,534,514,311,190,1008,1539,0,7834,5155,2221,1615,861,788,215,132,238,305,15940,1513,1782,938,113,7,0,0,0,0,16930,0,46,103,169,175,214,235,267,245,2214
15741,0,305,572,699,748,536,514,311,190,1008,1542,0,7854,5157,2222,1615,861,788,215,132,238,305,15953,1516,1791,939,113,7,0,0,0,0,16956,0,46,103,169,175,214,235,267,245,2214
15768,0,307,576,701,749,538,516,316,193,1010,1549,0,7870,5171,2230,1618,863,788,215,132,238,305,15984,1523,1796,945,114,7,0,0,0,0,17006,0,46,103,169,175,214,235,267,245,2214
15784,0,308,577,702,751,538,516,316,193,1010,1551,0,7884,5175,2231,1618,863,788,215,132,238,305,15996,1525,1800,946,116,7,0,0,0,0,17027,0,46,103,169,175,214,235,267,245,2214
15842,0,311,581,709,759,544,524,321,194,1068,1567,0,7916,5190,2246,1658,885,796,220,136,239,305,16114,1538,1816,954,119,7,0,0,0,0,17114,0,48,108,177,183,224,238,272,246,2243
15878,0,313,582,711,759,544,524,321,194,1068,1569,0,7945,5198,2247,1658,885,797,220,136,239,305,16142,1544,1821,956,119,7,0,0,0,0,17151,0,48,108,177,183,224,238,272,246,2247
15932,0,317,586,714,762,551,527,325,202,1086,1582,0,7973,5213,2264,1672,893,803,221,136,245,305,16213,1556,1837,965,119,7,0,0,0,0,17238,0,48,108,177,183,224,238,272,246,2268
15996,0,320,588,715,764,553,527,325,202,1101,1590,0,7992,5228,2280,1683,910,803,223,136,246,305,16277,1565,1849,969,119,7,0,0,0,0,17301,0,48,108,177,183,225,238,272,246,2293
16056,0,320,588,715,764,553,529,360,209,1141,1597,0,8037,5240,2299,1737,914,806,223,136,246,305,16390,1575,1863,976,119,7,0,0,0,0,17413,0,49,111,181,187,232,243,274,248,2297
16069,0,320,588,715,764,553,529,360,209,1142,1598,0,8042,5244,2302,1737,914,807,223,136,246,305,16397,1579,1865,977,119,7,0,0,0,0,17426,0,49,111,181,187,232,243,274,248,2298
16134,0,322,590,718,766,558,532,361,210,1191,1615,0,8103,5271,2318,1747,916,807,223,136,246,305,16475,1599,1888,989,119,7,0,0,0,0,17511,0,49,111,181,187,232,244,276,252,2339
16140,0,322,590,718,766,558,532,361,210,1192,1615,0,8108,5273,2318,1747,916,807,223,136,246,305,16480,1600,1889,989,119,7,0,0,0,0,17517,0,49,111,181,187,232,244,276,252,2340
16187,0,323,592,722,770,559,532,361,210,1192,1624,0,8125,5280,2333,1755,917,807,223,138,246,305,16517,1608,1897,995,119,7,0,0,0,0,17564,0,49,111,181,187,232,244,276,252,2352
16199,0,324,594,724,771,561,532,361,210,1192,1626,0,8137,5284,2334,1756,917,807,223,138,246,305,16530,1610,1899,997,120,7,0,0,0,0,17583,0,49,111,181,187,232,244,276,252,2353
16204,0,324,594,724,771,561,532,361,210,1192,1626,0,8141,5285,2334,1756,917,807,223,138,246,305,16532,1611,1901,997,120,7,0,0,0,0,17588,0,49,111,181,187,232,244,276,252,2353
16223,0,324,594,724,771,561,532,361,210,1192,1628,0,8154,5288,2335,1756,917,807,223,138,246,305,16543,1613,1906,998,120,7,0,0,0,0,17607,0,49,111,181,187,232,244,276,252,2353
16287,0,324,594,724,771,561,532,361,210,1192,1633,0,8174,5295,2344,1759,920,821,225,139,246,305,16585,1623,1912,1004,120,7,0,0,0,0,17651,0,49,111,183,190,234,246,281,254,2357
16352,0,325,596,725,772,561,532,361,210,1192,1638,0,8205,5306,2354,1765,925,822,226,139,246,305,16632,1631,1923,1008,120,7,0,0,0,0,17720,0,49,111,183,190,234,246,281,255,2357
16408,0,327,597,727,772,561,532,363,210,1192,1646,0,8238,5316,2362,1768,926,822,226,139,246,305,16668,1640,1933,1015,121,7,0,0,0,0,17783,0,49,111,183,190,234,246,281,255,2357
16436,0,328,598,729,775,563,533,365,210,1192,1650,0,8255,5323,2370,1771,927,822,226,139,246,305,16690,1645,1938,1020,124,7,0,0,0,0,17823,0,49,111,183,190,234,246,281,255,2357
16460,0,329,599,730,775,563,533,365,210,1192,1652,0,8272,5326,2373,1773,927,822,226,139,246,305,16704,1649,1943,1024,124,7,0,0,0,0,17850,0,49,111,183,190,234,246,281,255,2357
16528,0,333,603,737,781,567,535,367,210,1192,1663,0,8304,5339,2385,1792,933,824,226,141,246,305,16769,1661,1955,1032,124,7,0,0,0,0,17931,0,49,112,183,190,234,246,283,255,2370
16550,0,333,603,737,781,567,535,367,210,1192,1665,0,8313,5343,2390,1793,933,824,227,141,246,305,16783,1664,1958,1034,124,7,0,0,0,0,17952,0,49,112,183,190,234,246,283,255,2371
16614,0,335,605,738,782,568,536,367,210,1203,1674,0,8359,5363,2395,1794,934,825,227,141,246,305,16833,1675,1971,1042,125,7,0,0,0,0,18022,0,49,112,183,190,234,246,283,255,2384
16666,0,335,614,751,785,570,536,367,210,1203,1686,0,8374,5371,2416,1811,938,826,228,141,246,305,16893,1681,1981,1045,125,7,0,0,0,0,18079,0,50,114,188,193,234,253,283,257,2386
16710,0,335,614,751,785,570,536,367,210,1203,1692,0,8391,5381,2423,1813,939,826,228,142,246,305,16919,1687,1989,1049,125,7,0,0,0,0,18123,0,50,114,188,193,234,253,283,257,2386
16735,0,335,614,751,785,570,536,367,210,1203,1696,0,8397,5388,2426,1816,940,826,228,143,246,305,16934,1690,1993,1052,125,7,0,0,0,0,18148,0,50,114,188,193,234,253,283,257,2386
16780,0,335,614,751,785,570,536,367,211,1219,1700,0,8419,5397,2434,1823,945,829,228,143,250,305,16974,1700,2000,1057,125,7,0,0,0,0,18196,0,51,114,192,194,234,256,283,259,2389
16882,0,340,618,759,791,572,537,367,211,1219,1714,0,8456,5413,2454,1842,953,832,229,146,257,305,17057,1716,2018,1068,125,7,0,0,0,0,18280,0,57,119,196,199,242,259,284,262,2398
16917,0,340,618,760,792,573,538,370,214,1222,1721,0,8475,5418,2461,1846,957,834,229,146,257,305,17086,1722,2026,1073,125,7,0,0,0,0,18321,0,57,119,196,199,242,259,285,262,2404
17041,0,341,619,761,795,574,539,371,215,1241,1735,0,8516,5436,2480,1864,969,856,232,149,260,305,17195,1738,2043,1084,125,7,0,0,0,0,18406,0,58,120,198,201,247,262,297,269,2439
17081,0,342,620,762,796,574,539,371,215,1241,1741,0,8529,5440,2486,1876,970,856,232,151,260,305,17226,1742,2049,1087,125,7,0,0,0,0,18443,0,58,120,198,201,247,262,297,269,2446
17137,0,344,622,766,798,575,540,373,218,1242,1750,0,8547,5453,2501,1886,975,857,232,151,263,305,17274,1752,2058,1094,125,7,0,0,0,0,18503,0,60,122,198,203,247,264,300,270,2448
